--
-- File generated with SQLiteStudio v3.0.6 on dom jun 12 18:34:51 2016
--
-- Text encoding used: UTF-8
--
PRAGMA foreign_keys = off;
BEGIN TRANSACTION;

-- Table: hollidays
DROP TABLE IF EXISTS hollidays;
CREATE TABLE hollidays (id INTEGER PRIMARY KEY UNIQUE NOT NULL, country TEXT, zone TEXT, date DATETIME, holliday BOOLEAN);
INSERT INTO hollidays (id, country, zone, date, holliday) VALUES (1, 'prt', NULL, '2016-05-27', 0);
INSERT INTO hollidays (id, country, zone, date, holliday) VALUES (2, 'usa', NULL, '2016-05-27', 0);
INSERT INTO hollidays (id, country, zone, date, holliday) VALUES (3, 'prt', NULL, '2016-05-30', 0);
INSERT INTO hollidays (id, country, zone, date, holliday) VALUES (4, 'usa', NULL, '2016-05-30', 0);
INSERT INTO hollidays (id, country, zone, date, holliday) VALUES (5, 'prt', NULL, '2016-05-31', 0);
INSERT INTO hollidays (id, country, zone, date, holliday) VALUES (6, 'usa', NULL, '2016-05-31', 0);
INSERT INTO hollidays (id, country, zone, date, holliday) VALUES (7, 'prt', NULL, '2016-06-01', 0);
INSERT INTO hollidays (id, country, zone, date, holliday) VALUES (8, 'usa', NULL, '2016-06-01', 0);
INSERT INTO hollidays (id, country, zone, date, holliday) VALUES (9, 'prt', NULL, '2016-06-02', 0);
INSERT INTO hollidays (id, country, zone, date, holliday) VALUES (10, 'usa', NULL, '2016-06-02', 0);
INSERT INTO hollidays (id, country, zone, date, holliday) VALUES (11, 'prt', NULL, '2016-06-03', 0);
INSERT INTO hollidays (id, country, zone, date, holliday) VALUES (12, 'usa', NULL, '2016-06-03', 0);
INSERT INTO hollidays (id, country, zone, date, holliday) VALUES (13, 'prt', NULL, '2016-06-06', 0);
INSERT INTO hollidays (id, country, zone, date, holliday) VALUES (14, 'usa', NULL, '2016-06-06', 0);
INSERT INTO hollidays (id, country, zone, date, holliday) VALUES (15, 'prt', NULL, '2016-06-07', 0);
INSERT INTO hollidays (id, country, zone, date, holliday) VALUES (16, 'usa', NULL, '2016-06-07', 0);
INSERT INTO hollidays (id, country, zone, date, holliday) VALUES (17, 'prt', NULL, '2016-06-08', 0);
INSERT INTO hollidays (id, country, zone, date, holliday) VALUES (18, 'usa', NULL, '2016-06-08', 0);
INSERT INTO hollidays (id, country, zone, date, holliday) VALUES (19, 'prt', NULL, '2016-06-09', 0);
INSERT INTO hollidays (id, country, zone, date, holliday) VALUES (20, 'usa', NULL, '2016-06-09', 0);
INSERT INTO hollidays (id, country, zone, date, holliday) VALUES (22, 'usa', NULL, '2016-06-10', 0);
INSERT INTO hollidays (id, country, zone, date, holliday) VALUES (23, 'prt', NULL, '2016-06-10', 1);

-- Table: stocks
DROP TABLE IF EXISTS stocks;
CREATE TABLE stocks (id INTEGER PRIMARY KEY NOT NULL UNIQUE, name TEXT, symbolgoogle TEXT NOT NULL UNIQUE, symbolyahoo TEXT NOT NULL UNIQUE, exchangeid INTEGER NOT NULL, tracked BOOLEAN NOT NULL DEFAULT False, interval INTEGER DEFAULT 5, lastquote REAL, lastquotestamp DATETIME, currencyid INTEGER REFERENCES currencies (id), type TEXT);
INSERT INTO stocks (id, name, symbolgoogle, symbolyahoo, exchangeid, tracked, interval, lastquote, lastquotestamp, currencyid, type) VALUES (1, 'Millenium BCP', 'ELI:BCP', 'BCP.LS', 1, 'False', 15, NULL, NULL, 1, 'stock');
INSERT INTO stocks (id, name, symbolgoogle, symbolyahoo, exchangeid, tracked, interval, lastquote, lastquotestamp, currencyid, type) VALUES (2, 'The Navigator Company', 'ELI:NVG', 'NVG.LS', 1, 'True', 15, 2.88, '2016-06-10T17:35:00+02:00', 1, 'stock');
INSERT INTO stocks (id, name, symbolgoogle, symbolyahoo, exchangeid, tracked, interval, lastquote, lastquotestamp, currencyid, type) VALUES (3, 'EURO Dollar exchange ratio', 'EURUSD', 'EURUSD=X', 3, 'True', 60, 1.1253, '2016-06-12T14:41:38.815735+00:00', NULL, 'currency');
INSERT INTO stocks (id, name, symbolgoogle, symbolyahoo, exchangeid, tracked, interval, lastquote, lastquotestamp, currencyid, type) VALUES (4, 'Jeronimo Martins', 'ELI:JMT', 'JMT.LS', 1, 'True', 15, 13.77, '2016-06-10T17:36:00+02:00', 1, 'stock');
INSERT INTO stocks (id, name, symbolgoogle, symbolyahoo, exchangeid, tracked, interval, lastquote, lastquotestamp, currencyid, type) VALUES (5, 'Galp Energia', 'ELI:GALP', 'GALP.LS', 1, 'False', 15, NULL, NULL, 1, 'stock');
INSERT INTO stocks (id, name, symbolgoogle, symbolyahoo, exchangeid, tracked, interval, lastquote, lastquotestamp, currencyid, type) VALUES (6, 'EDP Energias de Portugal', 'ELI:EDP', 'EDP.LS', 1, 'False', 15, NULL, NULL, 1, 'stock');
INSERT INTO stocks (id, name, symbolgoogle, symbolyahoo, exchangeid, tracked, interval, lastquote, lastquotestamp, currencyid, type) VALUES (7, 'REN Redes Energeticas Nacionais', 'ELI:RENE', 'RENE.LS', 1, 'False', 15, NULL, NULL, 1, 'stock');
INSERT INTO stocks (id, name, symbolgoogle, symbolyahoo, exchangeid, tracked, interval, lastquote, lastquotestamp, currencyid, type) VALUES (8, 'CTT Correios de Portugal SA', 'ELI:CTT', 'CTT.LS', 1, 'False', 15, NULL, NULL, 1, 'stock');
INSERT INTO stocks (id, name, symbolgoogle, symbolyahoo, exchangeid, tracked, interval, lastquote, lastquotestamp, currencyid, type) VALUES (9, 'Qlik Technologies, Inc.', 'NASDAQ:QLIK', 'QLIK', 4, 'True', 15, 30, '2016-06-10T16:00:00-04:00', 2, 'stock');

-- Table: exchanges
DROP TABLE IF EXISTS exchanges;
CREATE TABLE exchanges (id INTEGER PRIMARY KEY NOT NULL UNIQUE, name TEXT, countrycode TEXT, shortnamegoogle TEXT, shortnameyahoo TEXT, openhour TIME, closehour TIME, timezone STRING, workingdays TEXT, comission REAL, taxondividends REAL);
INSERT INTO exchanges (id, name, countrycode, shortnamegoogle, shortnameyahoo, openhour, closehour, timezone, workingdays, comission, taxondividends) VALUES (1, 'Lisbon Stock Market Exchange', 'prt', 'ELI', 'LS', '08:00:00', '16:30:00', 'Europe/Lisbon', '0,1,2,3,4', 0.26, 6.95);
INSERT INTO exchanges (id, name, countrycode, shortnamegoogle, shortnameyahoo, openhour, closehour, timezone, workingdays, comission, taxondividends) VALUES (2, 'New York Stock Exchange', 'usa', 'NYSE', 'NYSE', '09:30:00', '16:00:00', 'America/New_York', '0,1,2,3,4', 0.26, 14.95);
INSERT INTO exchanges (id, name, countrycode, shortnamegoogle, shortnameyahoo, openhour, closehour, timezone, workingdays, comission, taxondividends) VALUES (3, 'New York Stock Exchange (24h)', 'usa', 'NYSE', 'NYSE', NULL, NULL, 'America/New_York', '0,1,2,3,4', NULL, 14.95);
INSERT INTO exchanges (id, name, countrycode, shortnamegoogle, shortnameyahoo, openhour, closehour, timezone, workingdays, comission, taxondividends) VALUES (4, 'Nasdaq', 'usa', 'NASDAQ', 'NASDAQ', '09:30:00', '16:00:00', 'America/New_York', '0,1,2,3,4', 0.26, 14.95);

-- Table: currencies
DROP TABLE IF EXISTS currencies;
CREATE TABLE currencies (id INTEGER PRIMARY KEY NOT NULL UNIQUE, symbol TEXT NOT NULL UNIQUE, shortname TEXT);
INSERT INTO currencies (id, symbol, shortname) VALUES (1, '€', 'EUR');
INSERT INTO currencies (id, symbol, shortname) VALUES (2, '$', 'USD');
INSERT INTO currencies (id, symbol, shortname) VALUES (3, 'R$', 'BRL');

-- Table: dividends
DROP TABLE IF EXISTS dividends;
CREATE TABLE dividends (id INTEGER PRIMARY KEY NOT NULL UNIQUE, stockid INTEGER REFERENCES stocks (id), date DATE, value DOUBLE);
INSERT INTO dividends (id, stockid, date, value) VALUES (1, 4, '2012-04-30', 0.275);
INSERT INTO dividends (id, stockid, date, value) VALUES (2, 4, '2012-12-31', 0.239);
INSERT INTO dividends (id, stockid, date, value) VALUES (3, 4, '2013-05-08', 0.3);
INSERT INTO dividends (id, stockid, date, value) VALUES (4, 4, '2014-05-08', 0.31);
INSERT INTO dividends (id, stockid, date, value) VALUES (5, 4, '2015-05-07', 0.245);
INSERT INTO dividends (id, stockid, date, value) VALUES (6, 4, '2015-12-22', 0.375);
INSERT INTO dividends (id, stockid, date, value) VALUES (7, 5, '2012-05-24', 0.2);
INSERT INTO dividends (id, stockid, date, value) VALUES (8, 5, '2012-09-18', 0.12);
INSERT INTO dividends (id, stockid, date, value) VALUES (9, 5, '2014-05-22', 0.144);
INSERT INTO dividends (id, stockid, date, value) VALUES (10, 5, '2013-09-18', 0.144);
INSERT INTO dividends (id, stockid, date, value) VALUES (11, 5, '2015-05-12', 0.1728);
INSERT INTO dividends (id, stockid, date, value) VALUES (12, 5, '2014-09-18', 0.1728);
INSERT INTO dividends (id, stockid, date, value) VALUES (13, 5, '2016-05-27', 0.20736);
INSERT INTO dividends (id, stockid, date, value) VALUES (14, 5, '2015-09-24', 0.20736);
INSERT INTO dividends (id, stockid, date, value) VALUES (15, 5, '2013-05-16', 0.12);
INSERT INTO dividends (id, stockid, date, value) VALUES (16, 6, '2012-05-11', 0.185);
INSERT INTO dividends (id, stockid, date, value) VALUES (17, 6, '2013-05-20', 0.185);
INSERT INTO dividends (id, stockid, date, value) VALUES (18, 6, '2014-05-26', 0.185);
INSERT INTO dividends (id, stockid, date, value) VALUES (19, 6, '2015-05-12', 0.185);
INSERT INTO dividends (id, stockid, date, value) VALUES (20, 7, '2012-04-16', 0.169);
INSERT INTO dividends (id, stockid, date, value) VALUES (21, 7, '2013-05-22', 0.17);
INSERT INTO dividends (id, stockid, date, value) VALUES (22, 7, '2014-05-24', 0.171);
INSERT INTO dividends (id, stockid, date, value) VALUES (23, 7, '2015-05-11', 0.171);
INSERT INTO dividends (id, stockid, date, value) VALUES (24, 7, '2016-04-28', 0.171);
INSERT INTO dividends (id, stockid, date, value) VALUES (25, 8, '2014-05-19', 0.4);
INSERT INTO dividends (id, stockid, date, value) VALUES (26, 8, '2015-05-27', 0.465);
INSERT INTO dividends (id, stockid, date, value) VALUES (27, 8, '2016-05-23', 0.47);
INSERT INTO dividends (id, stockid, date, value) VALUES (28, 2, '2014-06-09', 0.222);
INSERT INTO dividends (id, stockid, date, value) VALUES (29, 2, '2015-05-08', 0.433);
INSERT INTO dividends (id, stockid, date, value) VALUES (30, 2, '2015-12-18', 0.0836);
INSERT INTO dividends (id, stockid, date, value) VALUES (31, 2, '2015-12-23', 0.1395);
INSERT INTO dividends (id, stockid, date, value) VALUES (32, 2, '2016-05-02', 0.159);
INSERT INTO dividends (id, stockid, date, value) VALUES (33, 2, '2016-05-20', 0.078);

-- Table: portfolio
DROP TABLE IF EXISTS portfolio;
CREATE TABLE portfolio (id INTEGER PRIMARY KEY UNIQUE NOT NULL, stockid INTEGER REFERENCES stocks (id) NOT NULL UNIQUE, qty REAL, cost REAL);
INSERT INTO portfolio (id, stockid, qty, cost) VALUES (1, 4, 350, 11.4286);
INSERT INTO portfolio (id, stockid, qty, cost) VALUES (2, 9, 30, 30);

-- Table: strategies
DROP TABLE IF EXISTS strategies;
CREATE TABLE strategies (id INTEGER PRIMARY KEY NOT NULL UNIQUE, stockid INTEGER REFERENCES stocks (id), active BOOLEAN, lowcount INTEGER, minreturn REAL);
INSERT INTO strategies (id, stockid, active, lowcount, minreturn) VALUES (1, 4, 'True', 4, 0.05);
INSERT INTO strategies (id, stockid, active, lowcount, minreturn) VALUES (2, 9, 'True', 5, 0.05);

-- Table: movements
DROP TABLE IF EXISTS movements;
CREATE TABLE movements (id INTEGER PRIMARY KEY UNIQUE, stockid INTEGER REFERENCES stocks (id) NOT NULL, date DATETIME, qty REAL, value REAL, "action" STRING, options STRING);
INSERT INTO movements (id, stockid, date, qty, value, "action", options) VALUES (1, 4, '2016-06-05T23:31:59.083332Z', 100, 10, 'buy', NULL);
INSERT INTO movements (id, stockid, date, qty, value, "action", options) VALUES (2, 4, '2016-06-05T22:00:00', 100, 10, 'buy', NULL);
INSERT INTO movements (id, stockid, date, qty, value, "action", options) VALUES (3, 4, '2016-06-05T22:00:00', 100, 10, 'buy', NULL);
INSERT INTO movements (id, stockid, date, qty, value, "action", options) VALUES (4, 4, '2016-06-05T22:00:00', 100, 10, 'buy', NULL);
INSERT INTO movements (id, stockid, date, qty, value, "action", options) VALUES (5, 4, '2016-06-05T22:00:00', 100, 10, 'sell', NULL);
INSERT INTO movements (id, stockid, date, qty, value, "action", options) VALUES (6, 4, '2016-06-06T00:28:33.590801Z', 100, 10, 'sell', NULL);
INSERT INTO movements (id, stockid, date, qty, value, "action", options) VALUES (7, 9, '2016-06-06T00:31:00.441500Z', 10, 30, 'buy', NULL);
INSERT INTO movements (id, stockid, date, qty, value, "action", options) VALUES (8, 9, '2016-06-06T00:31:50.234413Z', 10, 30, 'buy', NULL);
INSERT INTO movements (id, stockid, date, qty, value, "action", options) VALUES (9, 9, '2016-06-06T00:34:03.523385Z', 10, 30, 'buy', NULL);
INSERT INTO movements (id, stockid, date, qty, value, "action", options) VALUES (10, 9, '2016-06-06T00:34:11.096412Z', 10, 30, 'buy', NULL);
INSERT INTO movements (id, stockid, date, qty, value, "action", options) VALUES (11, 9, '2016-06-06T00:34:26.986979Z', 10, 30, 'sell', NULL);
INSERT INTO movements (id, stockid, date, qty, value, "action", options) VALUES (12, 4, '2016-06-06T15:48:05.569044Z', 50, 12, 'buy', NULL);
INSERT INTO movements (id, stockid, date, qty, value, "action", options) VALUES (13, 4, '2016-06-07T21:33:57.907634Z', 100, 14, 'buy', NULL);

-- Table: options
DROP TABLE IF EXISTS options;
CREATE TABLE options (id INTEGER PRIMARY KEY NOT NULL UNIQUE, name TEXT, value TEXT);
INSERT INTO options (id, name, value) VALUES (1, 'Base Currency', 'EUR');

-- Table: quotes
DROP TABLE IF EXISTS quotes;
CREATE TABLE quotes (id INTEGER PRIMARY KEY NOT NULL UNIQUE, stockid INTEGER NOT NULL REFERENCES currencies (id), timestamp DATETIME NOT NULL, value FLOAT NOT NULL);
INSERT INTO quotes (id, stockid, timestamp, value) VALUES (1, 2, '2016-06-06T17:35:00+02:00', 2.83);
INSERT INTO quotes (id, stockid, timestamp, value) VALUES (2, 3, '2016-06-06T22:50:15.282136Z', 1.1356);
INSERT INTO quotes (id, stockid, timestamp, value) VALUES (3, 2, '2016-06-06T17:35:00+02:00', 2.83);
INSERT INTO quotes (id, stockid, timestamp, value) VALUES (4, 4, '2016-06-06T17:35:00+02:00', 14.41);
INSERT INTO quotes (id, stockid, timestamp, value) VALUES (5, 9, '2016-06-06T16:00:00-04:00', 30.14);
INSERT INTO quotes (id, stockid, timestamp, value) VALUES (6, 2, '2016-06-06T17:35:00+02:00', 2.83);
INSERT INTO quotes (id, stockid, timestamp, value) VALUES (7, 3, '2016-06-06T23:18:46.743594+00:00Z', 1.1356);
INSERT INTO quotes (id, stockid, timestamp, value) VALUES (8, 3, '2016-06-06T23:20:07.072027+00:00Z', 1.1356);
INSERT INTO quotes (id, stockid, timestamp, value) VALUES (9, 3, '2016-06-06T23:21:54.154934+00:00Z', 1.1357);
INSERT INTO quotes (id, stockid, timestamp, value) VALUES (10, 3, '2016-06-06T23:22:55.856654+00:00Z', 1.1356);
INSERT INTO quotes (id, stockid, timestamp, value) VALUES (11, 3, '2016-06-06T23:24:50.814599+00:00Z', 1.1357);
INSERT INTO quotes (id, stockid, timestamp, value) VALUES (12, 3, '2016-06-06T23:26:31.823714+00:00Z', 1.1358);
INSERT INTO quotes (id, stockid, timestamp, value) VALUES (13, 3, '2016-06-06T23:27:25.174689+00:00Z', 1.1357);
INSERT INTO quotes (id, stockid, timestamp, value) VALUES (14, 3, '2016-06-06T23:28:04.886587+00:00Z', 1.1357);
INSERT INTO quotes (id, stockid, timestamp, value) VALUES (15, 3, '2016-06-06T23:28:30.846441+00:00Z', 1.1358);
INSERT INTO quotes (id, stockid, timestamp, value) VALUES (16, 3, '2016-06-06T23:28:55.635470+00:00Z', 1.1357);
INSERT INTO quotes (id, stockid, timestamp, value) VALUES (17, 3, '2016-06-06T23:29:13.584406+00:00Z', 1.1358);
INSERT INTO quotes (id, stockid, timestamp, value) VALUES (18, 3, '2016-06-06T23:30:09.525914+00:00Z', 1.1357);
INSERT INTO quotes (id, stockid, timestamp, value) VALUES (19, 3, '2016-06-06T23:30:38.406180+00:00Z', 1.1355);
INSERT INTO quotes (id, stockid, timestamp, value) VALUES (20, 3, '2016-06-06T23:31:48.660513+00:00Z', 1.1357);
INSERT INTO quotes (id, stockid, timestamp, value) VALUES (21, 3, '2016-06-06T23:33:57.228187+00:00Z', 1.1357);
INSERT INTO quotes (id, stockid, timestamp, value) VALUES (22, 3, '2016-06-06T23:36:07.009359+00:00Z', 1.1358);
INSERT INTO quotes (id, stockid, timestamp, value) VALUES (23, 3, '2016-06-06T23:38:46.227130+00:00', 1.1359);
INSERT INTO quotes (id, stockid, timestamp, value) VALUES (24, 3, '2016-06-06T23:54:02.935459+00:00', 1.1362);
INSERT INTO quotes (id, stockid, timestamp, value) VALUES (25, 3, '2016-06-07T00:10:02.215233+00:00', 1.1364);
INSERT INTO quotes (id, stockid, timestamp, value) VALUES (26, 3, '2016-06-07T00:25:02.832485+00:00', 1.1361);
INSERT INTO quotes (id, stockid, timestamp, value) VALUES (27, 3, '2016-06-07T00:41:02.248629+00:00', 1.136);
INSERT INTO quotes (id, stockid, timestamp, value) VALUES (28, 3, '2016-06-07T00:57:02.432626+00:00', 1.1357);
INSERT INTO quotes (id, stockid, timestamp, value) VALUES (29, 3, '2016-06-07T01:13:02.694864+00:00', 1.1359);
INSERT INTO quotes (id, stockid, timestamp, value) VALUES (30, 3, '2016-06-07T01:29:02.191292+00:00', 1.1355);
INSERT INTO quotes (id, stockid, timestamp, value) VALUES (31, 3, '2016-06-07T01:45:02.774622+00:00', 1.1352);
INSERT INTO quotes (id, stockid, timestamp, value) VALUES (32, 3, '2016-06-07T02:01:02.622969+00:00', 1.1351);
INSERT INTO quotes (id, stockid, timestamp, value) VALUES (33, 3, '2016-06-07T02:17:02.311049+00:00', 1.1355);
INSERT INTO quotes (id, stockid, timestamp, value) VALUES (34, 3, '2016-06-07T02:33:01.998572+00:00', 1.1353);
INSERT INTO quotes (id, stockid, timestamp, value) VALUES (35, 3, '2016-06-07T02:49:02.896739+00:00', 1.1355);
INSERT INTO quotes (id, stockid, timestamp, value) VALUES (36, 3, '2016-06-07T03:05:01.982901+00:00', 1.1354);
INSERT INTO quotes (id, stockid, timestamp, value) VALUES (37, 3, '2016-06-07T03:21:02.507688+00:00', 1.1355);
INSERT INTO quotes (id, stockid, timestamp, value) VALUES (38, 3, '2016-06-07T03:37:02.838751+00:00', 1.1355);
INSERT INTO quotes (id, stockid, timestamp, value) VALUES (39, 3, '2016-06-07T03:53:02.103105+00:00', 1.1356);
INSERT INTO quotes (id, stockid, timestamp, value) VALUES (40, 3, '2016-06-07T04:09:02.009482+00:00', 1.1357);
INSERT INTO quotes (id, stockid, timestamp, value) VALUES (41, 3, '2016-06-07T04:25:02.452092+00:00', 1.1358);
INSERT INTO quotes (id, stockid, timestamp, value) VALUES (42, 3, '2016-06-07T04:41:02.237466+00:00', 1.1355);
INSERT INTO quotes (id, stockid, timestamp, value) VALUES (43, 3, '2016-06-07T04:57:02.685802+00:00', 1.1356);
INSERT INTO quotes (id, stockid, timestamp, value) VALUES (44, 3, '2016-06-07T05:13:02.149998+00:00', 1.1353);
INSERT INTO quotes (id, stockid, timestamp, value) VALUES (45, 3, '2016-06-07T05:28:02.893167+00:00', 1.1356);
INSERT INTO quotes (id, stockid, timestamp, value) VALUES (46, 3, '2016-06-07T05:44:02.853608+00:00', 1.136);
INSERT INTO quotes (id, stockid, timestamp, value) VALUES (47, 3, '2016-06-07T06:00:02.701699+00:00', 1.1352);
INSERT INTO quotes (id, stockid, timestamp, value) VALUES (48, 3, '2016-06-07T06:16:04.468421+00:00', 1.1363);
INSERT INTO quotes (id, stockid, timestamp, value) VALUES (49, 3, '2016-06-07T06:32:01.952566+00:00', 1.1359);
INSERT INTO quotes (id, stockid, timestamp, value) VALUES (50, 3, '2016-06-07T06:48:02.533706+00:00', 1.136);
INSERT INTO quotes (id, stockid, timestamp, value) VALUES (51, 2, '2016-06-07T09:00:00+02:00', 2.85);
INSERT INTO quotes (id, stockid, timestamp, value) VALUES (52, 3, '2016-06-07T07:04:02.907836+00:00', 1.1362);
INSERT INTO quotes (id, stockid, timestamp, value) VALUES (53, 2, '2016-06-07T09:12:00+02:00', 2.87);
INSERT INTO quotes (id, stockid, timestamp, value) VALUES (54, 4, '2016-06-07T09:14:00+02:00', 14.46);
INSERT INTO quotes (id, stockid, timestamp, value) VALUES (55, 3, '2016-06-07T07:20:02.339414+00:00', 1.1369);
INSERT INTO quotes (id, stockid, timestamp, value) VALUES (56, 2, '2016-06-07T09:24:00+02:00', 2.86);
INSERT INTO quotes (id, stockid, timestamp, value) VALUES (57, 4, '2016-06-07T09:28:00+02:00', 14.44);
INSERT INTO quotes (id, stockid, timestamp, value) VALUES (58, 3, '2016-06-07T07:35:02.918555+00:00', 1.1367);
INSERT INTO quotes (id, stockid, timestamp, value) VALUES (59, 2, '2016-06-07T09:38:00+02:00', 2.86);
INSERT INTO quotes (id, stockid, timestamp, value) VALUES (60, 4, '2016-06-07T09:42:00+02:00', 14.45);
INSERT INTO quotes (id, stockid, timestamp, value) VALUES (61, 3, '2016-06-07T07:51:02.169952+00:00', 1.1371);
INSERT INTO quotes (id, stockid, timestamp, value) VALUES (62, 2, '2016-06-07T09:52:00+02:00', 2.87);
INSERT INTO quotes (id, stockid, timestamp, value) VALUES (63, 4, '2016-06-07T09:55:00+02:00', 14.45);
INSERT INTO quotes (id, stockid, timestamp, value) VALUES (64, 3, '2016-06-07T08:06:02.769834+00:00', 1.1363);
INSERT INTO quotes (id, stockid, timestamp, value) VALUES (65, 2, '2016-06-07T10:04:00+02:00', 2.86);
INSERT INTO quotes (id, stockid, timestamp, value) VALUES (66, 4, '2016-06-07T10:09:00+02:00', 14.44);
INSERT INTO quotes (id, stockid, timestamp, value) VALUES (67, 2, '2016-06-07T10:18:00+02:00', 2.86);
INSERT INTO quotes (id, stockid, timestamp, value) VALUES (68, 3, '2016-06-07T08:22:02.294504+00:00', 1.1367);
INSERT INTO quotes (id, stockid, timestamp, value) VALUES (69, 4, '2016-06-07T10:23:00+02:00', 14.44);
INSERT INTO quotes (id, stockid, timestamp, value) VALUES (70, 2, '2016-06-07T10:31:00+02:00', 2.86);
INSERT INTO quotes (id, stockid, timestamp, value) VALUES (71, 3, '2016-06-07T08:37:02.963978+00:00', 1.1364);
INSERT INTO quotes (id, stockid, timestamp, value) VALUES (72, 4, '2016-06-07T10:36:00+02:00', 14.48);
INSERT INTO quotes (id, stockid, timestamp, value) VALUES (73, 2, '2016-06-07T10:44:00+02:00', 2.88);
INSERT INTO quotes (id, stockid, timestamp, value) VALUES (74, 4, '2016-06-07T10:50:00+02:00', 14.51);
INSERT INTO quotes (id, stockid, timestamp, value) VALUES (75, 3, '2016-06-07T08:53:02.897226+00:00', 1.1369);
INSERT INTO quotes (id, stockid, timestamp, value) VALUES (76, 2, '2016-06-07T10:58:00+02:00', 2.88);
INSERT INTO quotes (id, stockid, timestamp, value) VALUES (77, 4, '2016-06-07T11:04:00+02:00', 14.52);
INSERT INTO quotes (id, stockid, timestamp, value) VALUES (78, 3, '2016-06-07T09:09:02.301814+00:00', 1.1372);
INSERT INTO quotes (id, stockid, timestamp, value) VALUES (79, 2, '2016-06-07T11:11:00+02:00', 2.88);
INSERT INTO quotes (id, stockid, timestamp, value) VALUES (80, 4, '2016-06-07T11:16:00+02:00', 14.55);
INSERT INTO quotes (id, stockid, timestamp, value) VALUES (81, 3, '2016-06-07T09:25:03.236208+00:00', 1.1376);
INSERT INTO quotes (id, stockid, timestamp, value) VALUES (82, 2, '2016-06-07T11:23:00+02:00', 2.88);
INSERT INTO quotes (id, stockid, timestamp, value) VALUES (83, 4, '2016-06-07T11:30:00+02:00', 14.53);
INSERT INTO quotes (id, stockid, timestamp, value) VALUES (84, 2, '2016-06-07T11:37:00+02:00', 2.88);
INSERT INTO quotes (id, stockid, timestamp, value) VALUES (85, 3, '2016-06-07T09:41:02.619703+00:00', 1.1372);
INSERT INTO quotes (id, stockid, timestamp, value) VALUES (86, 4, '2016-06-07T11:44:00+02:00', 14.52);
INSERT INTO quotes (id, stockid, timestamp, value) VALUES (87, 2, '2016-06-07T11:49:00+02:00', 2.88);
INSERT INTO quotes (id, stockid, timestamp, value) VALUES (88, 3, '2016-06-07T09:57:02.883454+00:00', 1.1366);
INSERT INTO quotes (id, stockid, timestamp, value) VALUES (89, 4, '2016-06-07T11:57:00+02:00', 14.56);
INSERT INTO quotes (id, stockid, timestamp, value) VALUES (90, 2, '2016-06-07T12:03:00+02:00', 2.89);
INSERT INTO quotes (id, stockid, timestamp, value) VALUES (91, 4, '2016-06-07T12:11:00+02:00', 14.55);
INSERT INTO quotes (id, stockid, timestamp, value) VALUES (92, 3, '2016-06-07T10:13:02.359161+00:00', 1.1369);
INSERT INTO quotes (id, stockid, timestamp, value) VALUES (93, 2, '2016-06-07T12:13:00+02:00', 2.89);
INSERT INTO quotes (id, stockid, timestamp, value) VALUES (94, 4, '2016-06-07T12:24:00+02:00', 14.55);
INSERT INTO quotes (id, stockid, timestamp, value) VALUES (95, 2, '2016-06-07T12:27:00+02:00', 2.89);
INSERT INTO quotes (id, stockid, timestamp, value) VALUES (96, 3, '2016-06-07T10:28:03.263469+00:00', 1.1369);
INSERT INTO quotes (id, stockid, timestamp, value) VALUES (97, 4, '2016-06-07T12:38:00+02:00', 14.57);
INSERT INTO quotes (id, stockid, timestamp, value) VALUES (98, 2, '2016-06-07T12:41:00+02:00', 2.9);
INSERT INTO quotes (id, stockid, timestamp, value) VALUES (99, 3, '2016-06-07T10:44:02.971703+00:00', 1.1367);
INSERT INTO quotes (id, stockid, timestamp, value) VALUES (100, 4, '2016-06-07T12:52:00+02:00', 14.59);
INSERT INTO quotes (id, stockid, timestamp, value) VALUES (101, 2, '2016-06-07T12:47:00+02:00', 2.9);
INSERT INTO quotes (id, stockid, timestamp, value) VALUES (102, 3, '2016-06-07T11:00:02.527610+00:00', 1.136);
INSERT INTO quotes (id, stockid, timestamp, value) VALUES (103, 2, '2016-06-07T13:01:00+02:00', 2.89);
INSERT INTO quotes (id, stockid, timestamp, value) VALUES (104, 4, '2016-06-07T13:06:00+02:00', 14.6);
INSERT INTO quotes (id, stockid, timestamp, value) VALUES (105, 2, '2016-06-07T13:07:00+02:00', 2.89);
INSERT INTO quotes (id, stockid, timestamp, value) VALUES (106, 3, '2016-06-07T11:16:03.403585+00:00', 1.1356);
INSERT INTO quotes (id, stockid, timestamp, value) VALUES (107, 4, '2016-06-07T13:20:00+02:00', 14.61);
INSERT INTO quotes (id, stockid, timestamp, value) VALUES (108, 2, '2016-06-07T13:26:00+02:00', 2.9);
INSERT INTO quotes (id, stockid, timestamp, value) VALUES (109, 3, '2016-06-07T11:32:02.078896+00:00', 1.1346);
INSERT INTO quotes (id, stockid, timestamp, value) VALUES (110, 4, '2016-06-07T13:34:00+02:00', 14.64);
INSERT INTO quotes (id, stockid, timestamp, value) VALUES (111, 2, '2016-06-07T13:37:00+02:00', 2.89);
INSERT INTO quotes (id, stockid, timestamp, value) VALUES (112, 3, '2016-06-07T11:48:03.136637+00:00', 1.1341);
INSERT INTO quotes (id, stockid, timestamp, value) VALUES (113, 4, '2016-06-07T13:48:00+02:00', 14.62);
INSERT INTO quotes (id, stockid, timestamp, value) VALUES (114, 2, '2016-06-07T13:49:00+02:00', 2.9);
INSERT INTO quotes (id, stockid, timestamp, value) VALUES (115, 4, '2016-06-07T14:02:00+02:00', 14.64);
INSERT INTO quotes (id, stockid, timestamp, value) VALUES (116, 2, '2016-06-07T13:55:00+02:00', 2.9);
INSERT INTO quotes (id, stockid, timestamp, value) VALUES (117, 3, '2016-06-07T12:04:03.588649+00:00', 1.1344);
INSERT INTO quotes (id, stockid, timestamp, value) VALUES (118, 2, '2016-06-07T14:10:00+02:00', 2.9);
INSERT INTO quotes (id, stockid, timestamp, value) VALUES (119, 4, '2016-06-07T14:16:00+02:00', 14.64);
INSERT INTO quotes (id, stockid, timestamp, value) VALUES (120, 3, '2016-06-07T12:20:02.244810+00:00', 1.1347);
INSERT INTO quotes (id, stockid, timestamp, value) VALUES (121, 2, '2016-06-07T14:23:00+02:00', 2.89);
INSERT INTO quotes (id, stockid, timestamp, value) VALUES (122, 4, '2016-06-07T14:29:00+02:00', 14.65);
INSERT INTO quotes (id, stockid, timestamp, value) VALUES (123, 3, '2016-06-07T12:35:02.863732+00:00', 1.1353);
INSERT INTO quotes (id, stockid, timestamp, value) VALUES (124, 2, '2016-06-07T14:35:00+02:00', 2.89);
INSERT INTO quotes (id, stockid, timestamp, value) VALUES (125, 4, '2016-06-07T14:42:00+02:00', 14.62);
INSERT INTO quotes (id, stockid, timestamp, value) VALUES (126, 2, '2016-06-07T14:46:00+02:00', 2.89);
INSERT INTO quotes (id, stockid, timestamp, value) VALUES (127, 3, '2016-06-07T12:50:03.598801+00:00', 1.1353);
INSERT INTO quotes (id, stockid, timestamp, value) VALUES (128, 4, '2016-06-07T14:54:00+02:00', 14.65);
INSERT INTO quotes (id, stockid, timestamp, value) VALUES (129, 2, '2016-06-07T15:00:00+02:00', 2.89);
INSERT INTO quotes (id, stockid, timestamp, value) VALUES (130, 3, '2016-06-07T13:06:02.088376+00:00', 1.1363);
INSERT INTO quotes (id, stockid, timestamp, value) VALUES (131, 4, '2016-06-07T15:08:00+02:00', 14.64);
INSERT INTO quotes (id, stockid, timestamp, value) VALUES (132, 2, '2016-06-07T15:13:00+02:00', 2.89);
INSERT INTO quotes (id, stockid, timestamp, value) VALUES (133, 3, '2016-06-07T13:21:02.683843+00:00', 1.1358);
INSERT INTO quotes (id, stockid, timestamp, value) VALUES (134, 4, '2016-06-07T15:21:00+02:00', 14.65);
INSERT INTO quotes (id, stockid, timestamp, value) VALUES (135, 2, '2016-06-07T15:27:00+02:00', 2.88);
INSERT INTO quotes (id, stockid, timestamp, value) VALUES (136, 4, '2016-06-07T15:35:00+02:00', 14.63);
INSERT INTO quotes (id, stockid, timestamp, value) VALUES (137, 3, '2016-06-07T13:37:02.887935+00:00', 1.1361);
INSERT INTO quotes (id, stockid, timestamp, value) VALUES (138, 2, '2016-06-07T15:37:00+02:00', 2.89);
INSERT INTO quotes (id, stockid, timestamp, value) VALUES (139, 9, '2016-06-07T09:45:00-04:00', 30.12);
INSERT INTO quotes (id, stockid, timestamp, value) VALUES (140, 4, '2016-06-07T15:49:00+02:00', 14.64);
INSERT INTO quotes (id, stockid, timestamp, value) VALUES (141, 2, '2016-06-07T15:50:00+02:00', 2.89);
INSERT INTO quotes (id, stockid, timestamp, value) VALUES (142, 3, '2016-06-07T13:52:03.801711+00:00', 1.1358);
INSERT INTO quotes (id, stockid, timestamp, value) VALUES (143, 9, '2016-06-07T09:59:00-04:00', 30.09);
INSERT INTO quotes (id, stockid, timestamp, value) VALUES (144, 4, '2016-06-07T16:03:00+02:00', 14.61);
INSERT INTO quotes (id, stockid, timestamp, value) VALUES (145, 2, '2016-06-07T16:04:00+02:00', 2.89);
INSERT INTO quotes (id, stockid, timestamp, value) VALUES (146, 3, '2016-06-07T14:08:03.050989+00:00', 1.1359);
INSERT INTO quotes (id, stockid, timestamp, value) VALUES (147, 9, '2016-06-07T10:13:00-04:00', 30.09);
INSERT INTO quotes (id, stockid, timestamp, value) VALUES (148, 4, '2016-06-07T16:15:00+02:00', 14.61);
INSERT INTO quotes (id, stockid, timestamp, value) VALUES (149, 2, '2016-06-07T16:18:00+02:00', 2.89);
INSERT INTO quotes (id, stockid, timestamp, value) VALUES (150, 3, '2016-06-07T14:24:02.436033+00:00', 1.1354);
INSERT INTO quotes (id, stockid, timestamp, value) VALUES (151, 9, '2016-06-07T10:28:00-04:00', 30.11);
INSERT INTO quotes (id, stockid, timestamp, value) VALUES (152, 4, '2016-06-07T16:28:00+02:00', 14.62);
INSERT INTO quotes (id, stockid, timestamp, value) VALUES (153, 2, '2016-06-07T16:31:00+02:00', 2.9);
INSERT INTO quotes (id, stockid, timestamp, value) VALUES (154, 3, '2016-06-07T14:40:02.219353+00:00', 1.1343);
INSERT INTO quotes (id, stockid, timestamp, value) VALUES (155, 4, '2016-06-07T16:41:00+02:00', 14.6);
INSERT INTO quotes (id, stockid, timestamp, value) VALUES (156, 9, '2016-06-07T10:42:00-04:00', 30.1);
INSERT INTO quotes (id, stockid, timestamp, value) VALUES (157, 2, '2016-06-07T16:43:00+02:00', 2.9);
INSERT INTO quotes (id, stockid, timestamp, value) VALUES (158, 3, '2016-06-07T14:56:02.771468+00:00', 1.1353);
INSERT INTO quotes (id, stockid, timestamp, value) VALUES (159, 4, '2016-06-07T16:55:00+02:00', 14.58);
INSERT INTO quotes (id, stockid, timestamp, value) VALUES (160, 9, '2016-06-07T10:56:00-04:00', 30.11);
INSERT INTO quotes (id, stockid, timestamp, value) VALUES (161, 2, '2016-06-07T16:57:00+02:00', 2.89);
INSERT INTO quotes (id, stockid, timestamp, value) VALUES (162, 4, '2016-06-07T17:09:00+02:00', 14.58);
INSERT INTO quotes (id, stockid, timestamp, value) VALUES (163, 9, '2016-06-07T11:10:00-04:00', 30.11);
INSERT INTO quotes (id, stockid, timestamp, value) VALUES (164, 2, '2016-06-07T17:10:00+02:00', 2.89);
INSERT INTO quotes (id, stockid, timestamp, value) VALUES (165, 3, '2016-06-07T15:12:04.125075+00:00', 1.1356);
INSERT INTO quotes (id, stockid, timestamp, value) VALUES (166, 4, '2016-06-07T17:21:00+02:00', 14.57);
INSERT INTO quotes (id, stockid, timestamp, value) VALUES (167, 2, '2016-06-07T17:23:00+02:00', 2.89);
INSERT INTO quotes (id, stockid, timestamp, value) VALUES (168, 9, '2016-06-07T11:24:00-04:00', 30.1);
INSERT INTO quotes (id, stockid, timestamp, value) VALUES (169, 3, '2016-06-07T15:28:03.308276+00:00', 1.1348);
INSERT INTO quotes (id, stockid, timestamp, value) VALUES (170, 9, '2016-06-07T11:38:00-04:00', 30.09);
INSERT INTO quotes (id, stockid, timestamp, value) VALUES (171, 3, '2016-06-07T15:44:02.170604+00:00', 1.1351);
INSERT INTO quotes (id, stockid, timestamp, value) VALUES (172, 9, '2016-06-07T11:52:00-04:00', 30.09);
INSERT INTO quotes (id, stockid, timestamp, value) VALUES (173, 3, '2016-06-07T16:00:02.305116+00:00', 1.135);
INSERT INTO quotes (id, stockid, timestamp, value) VALUES (174, 9, '2016-06-07T12:07:00-04:00', 30.09);
INSERT INTO quotes (id, stockid, timestamp, value) VALUES (175, 3, '2016-06-07T16:16:02.569876+00:00', 1.1351);
INSERT INTO quotes (id, stockid, timestamp, value) VALUES (176, 9, '2016-06-07T12:21:00-04:00', 30.09);
INSERT INTO quotes (id, stockid, timestamp, value) VALUES (177, 3, '2016-06-07T16:32:02.974137+00:00', 1.135);
INSERT INTO quotes (id, stockid, timestamp, value) VALUES (178, 9, '2016-06-07T12:35:00-04:00', 30.09);
INSERT INTO quotes (id, stockid, timestamp, value) VALUES (179, 3, '2016-06-07T16:48:02.959045+00:00', 1.1345);
INSERT INTO quotes (id, stockid, timestamp, value) VALUES (180, 9, '2016-06-07T12:50:00-04:00', 30.1);
INSERT INTO quotes (id, stockid, timestamp, value) VALUES (181, 3, '2016-06-07T17:04:02.618840+00:00', 1.1347);
INSERT INTO quotes (id, stockid, timestamp, value) VALUES (182, 9, '2016-06-07T13:04:00-04:00', 30.09);
INSERT INTO quotes (id, stockid, timestamp, value) VALUES (183, 9, '2016-06-07T13:18:00-04:00', 30.09);
INSERT INTO quotes (id, stockid, timestamp, value) VALUES (184, 3, '2016-06-07T17:20:02.552206+00:00', 1.1354);
INSERT INTO quotes (id, stockid, timestamp, value) VALUES (185, 9, '2016-06-07T13:33:00-04:00', 30.09);
INSERT INTO quotes (id, stockid, timestamp, value) VALUES (186, 3, '2016-06-07T17:36:02.209901+00:00', 1.1358);
INSERT INTO quotes (id, stockid, timestamp, value) VALUES (187, 9, '2016-06-07T13:47:00-04:00', 30.09);
INSERT INTO quotes (id, stockid, timestamp, value) VALUES (188, 3, '2016-06-07T17:51:02.850422+00:00', 1.1356);
INSERT INTO quotes (id, stockid, timestamp, value) VALUES (189, 9, '2016-06-07T14:01:00-04:00', 30.08);
INSERT INTO quotes (id, stockid, timestamp, value) VALUES (190, 3, '2016-06-07T18:07:02.293498+00:00', 1.1365);
INSERT INTO quotes (id, stockid, timestamp, value) VALUES (191, 9, '2016-06-07T14:15:00-04:00', 30.09);
INSERT INTO quotes (id, stockid, timestamp, value) VALUES (192, 3, '2016-06-07T18:23:02.467068+00:00', 1.1364);
INSERT INTO quotes (id, stockid, timestamp, value) VALUES (193, 9, '2016-06-07T14:29:00-04:00', 30.09);
INSERT INTO quotes (id, stockid, timestamp, value) VALUES (194, 3, '2016-06-07T18:39:02.967073+00:00', 1.1364);
INSERT INTO quotes (id, stockid, timestamp, value) VALUES (195, 9, '2016-06-07T14:43:00-04:00', 30.08);
INSERT INTO quotes (id, stockid, timestamp, value) VALUES (196, 3, '2016-06-07T18:55:03.751268+00:00', 1.136);
INSERT INTO quotes (id, stockid, timestamp, value) VALUES (197, 9, '2016-06-07T14:58:00-04:00', 30.08);
INSERT INTO quotes (id, stockid, timestamp, value) VALUES (198, 3, '2016-06-07T19:11:02.914772+00:00', 1.1358);
INSERT INTO quotes (id, stockid, timestamp, value) VALUES (199, 9, '2016-06-07T15:12:00-04:00', 30.08);
INSERT INTO quotes (id, stockid, timestamp, value) VALUES (200, 3, '2016-06-07T19:27:03.728180+00:00', 1.136);
INSERT INTO quotes (id, stockid, timestamp, value) VALUES (201, 9, '2016-06-07T15:26:00-04:00', 30.1);
INSERT INTO quotes (id, stockid, timestamp, value) VALUES (202, 9, '2016-06-07T15:40:00-04:00', 30.09);
INSERT INTO quotes (id, stockid, timestamp, value) VALUES (203, 3, '2016-06-07T19:43:02.892718+00:00', 1.1364);
INSERT INTO quotes (id, stockid, timestamp, value) VALUES (204, 9, '2016-06-07T15:54:00-04:00', 30.09);
INSERT INTO quotes (id, stockid, timestamp, value) VALUES (205, 3, '2016-06-07T19:59:02.711731+00:00', 1.1357);
INSERT INTO quotes (id, stockid, timestamp, value) VALUES (206, 3, '2016-06-07T20:15:02.150417+00:00', 1.1355);
INSERT INTO quotes (id, stockid, timestamp, value) VALUES (207, 3, '2016-06-07T20:31:02.723858+00:00', 1.1358);
INSERT INTO quotes (id, stockid, timestamp, value) VALUES (208, 3, '2016-06-07T20:47:02.853904+00:00', 1.1356);
INSERT INTO quotes (id, stockid, timestamp, value) VALUES (209, 3, '2016-06-07T21:03:02.106635+00:00', 1.1358);
INSERT INTO quotes (id, stockid, timestamp, value) VALUES (210, 3, '2016-06-07T21:18:02.801633+00:00', 1.1358);
INSERT INTO quotes (id, stockid, timestamp, value) VALUES (211, 4, '2016-06-07T21:33:57.907634Z', 14);
INSERT INTO quotes (id, stockid, timestamp, value) VALUES (212, 3, '2016-06-07T21:34:02.050470+00:00', 1.1356);
INSERT INTO quotes (id, stockid, timestamp, value) VALUES (213, 3, '2016-06-07T22:35:03.123430+00:00', 1.1356);
INSERT INTO quotes (id, stockid, timestamp, value) VALUES (214, 3, '2016-06-07T23:36:02.715277+00:00', 1.1357);
INSERT INTO quotes (id, stockid, timestamp, value) VALUES (215, 3, '2016-06-08T00:37:02.215302+00:00', 1.1358);
INSERT INTO quotes (id, stockid, timestamp, value) VALUES (216, 3, '2016-06-08T01:37:03.098793+00:00', 1.1366);
INSERT INTO quotes (id, stockid, timestamp, value) VALUES (217, 3, '2016-06-08T02:38:02.999813+00:00', 1.1372);
INSERT INTO quotes (id, stockid, timestamp, value) VALUES (218, 3, '2016-06-08T03:39:02.243857+00:00', 1.1366);
INSERT INTO quotes (id, stockid, timestamp, value) VALUES (219, 3, '2016-06-08T04:39:03.039109+00:00', 1.1369);
INSERT INTO quotes (id, stockid, timestamp, value) VALUES (220, 3, '2016-06-08T05:40:02.873881+00:00', 1.1371);
INSERT INTO quotes (id, stockid, timestamp, value) VALUES (221, 3, '2016-06-08T06:41:02.261958+00:00', 1.1363);
INSERT INTO quotes (id, stockid, timestamp, value) VALUES (222, 2, '2016-06-07T17:35:00+02:00', 2.89);
INSERT INTO quotes (id, stockid, timestamp, value) VALUES (223, 4, '2016-06-07T17:37:00+02:00', 14.61);
INSERT INTO quotes (id, stockid, timestamp, value) VALUES (224, 2, '2016-06-08T09:00:00+02:00', 2.88);
INSERT INTO quotes (id, stockid, timestamp, value) VALUES (225, 2, '2016-06-08T09:15:00+02:00', 2.88);
INSERT INTO quotes (id, stockid, timestamp, value) VALUES (226, 4, '2016-06-08T09:15:00+02:00', 14.57);
INSERT INTO quotes (id, stockid, timestamp, value) VALUES (227, 2, '2016-06-08T09:28:00+02:00', 2.88);
INSERT INTO quotes (id, stockid, timestamp, value) VALUES (228, 4, '2016-06-08T09:27:00+02:00', 14.58);
INSERT INTO quotes (id, stockid, timestamp, value) VALUES (229, 3, '2016-06-08T07:42:02.490309+00:00', 1.1373);
INSERT INTO quotes (id, stockid, timestamp, value) VALUES (230, 4, '2016-06-08T09:41:00+02:00', 14.59);
INSERT INTO quotes (id, stockid, timestamp, value) VALUES (231, 2, '2016-06-08T09:41:00+02:00', 2.88);
INSERT INTO quotes (id, stockid, timestamp, value) VALUES (232, 2, '2016-06-08T09:52:00+02:00', 2.87);
INSERT INTO quotes (id, stockid, timestamp, value) VALUES (233, 4, '2016-06-08T09:55:00+02:00', 14.57);
INSERT INTO quotes (id, stockid, timestamp, value) VALUES (234, 2, '2016-06-08T09:59:00+02:00', 2.88);
INSERT INTO quotes (id, stockid, timestamp, value) VALUES (235, 4, '2016-06-08T10:09:00+02:00', 14.51);
INSERT INTO quotes (id, stockid, timestamp, value) VALUES (236, 2, '2016-06-08T10:13:00+02:00', 2.88);
INSERT INTO quotes (id, stockid, timestamp, value) VALUES (237, 4, '2016-06-08T10:23:00+02:00', 14.52);
INSERT INTO quotes (id, stockid, timestamp, value) VALUES (238, 2, '2016-06-08T10:27:00+02:00', 2.88);
INSERT INTO quotes (id, stockid, timestamp, value) VALUES (239, 4, '2016-06-08T10:35:00+02:00', 14.51);
INSERT INTO quotes (id, stockid, timestamp, value) VALUES (240, 2, '2016-06-08T10:40:00+02:00', 2.88);
INSERT INTO quotes (id, stockid, timestamp, value) VALUES (241, 3, '2016-06-08T08:43:02.815003+00:00', 1.1372);
INSERT INTO quotes (id, stockid, timestamp, value) VALUES (242, 4, '2016-06-08T10:48:00+02:00', 14.48);
INSERT INTO quotes (id, stockid, timestamp, value) VALUES (243, 2, '2016-06-08T10:54:00+02:00', 2.88);
INSERT INTO quotes (id, stockid, timestamp, value) VALUES (244, 4, '2016-06-08T11:02:00+02:00', 14.51);
INSERT INTO quotes (id, stockid, timestamp, value) VALUES (245, 2, '2016-06-08T11:07:00+02:00', 2.89);
INSERT INTO quotes (id, stockid, timestamp, value) VALUES (246, 4, '2016-06-08T11:16:00+02:00', 14.52);
INSERT INTO quotes (id, stockid, timestamp, value) VALUES (247, 2, '2016-06-08T11:20:00+02:00', 2.89);
INSERT INTO quotes (id, stockid, timestamp, value) VALUES (248, 4, '2016-06-08T11:29:00+02:00', 14.55);
INSERT INTO quotes (id, stockid, timestamp, value) VALUES (249, 2, '2016-06-08T11:30:00+02:00', 2.89);
INSERT INTO quotes (id, stockid, timestamp, value) VALUES (250, 3, '2016-06-08T09:44:02.970014+00:00', 1.137);
INSERT INTO quotes (id, stockid, timestamp, value) VALUES (251, 4, '2016-06-08T11:42:00+02:00', 14.53);
INSERT INTO quotes (id, stockid, timestamp, value) VALUES (252, 2, '2016-06-08T11:36:00+02:00', 2.89);
INSERT INTO quotes (id, stockid, timestamp, value) VALUES (253, 2, '2016-06-08T11:48:00+02:00', 2.89);
INSERT INTO quotes (id, stockid, timestamp, value) VALUES (254, 4, '2016-06-08T11:56:00+02:00', 14.48);
INSERT INTO quotes (id, stockid, timestamp, value) VALUES (255, 2, '2016-06-08T12:02:00+02:00', 2.89);
INSERT INTO quotes (id, stockid, timestamp, value) VALUES (256, 4, '2016-06-08T12:10:00+02:00', 14.48);
INSERT INTO quotes (id, stockid, timestamp, value) VALUES (257, 2, '2016-06-08T12:13:00+02:00', 2.89);
INSERT INTO quotes (id, stockid, timestamp, value) VALUES (258, 4, '2016-06-08T12:24:00+02:00', 14.56);
INSERT INTO quotes (id, stockid, timestamp, value) VALUES (259, 2, '2016-06-08T12:30:00+02:00', 2.89);
INSERT INTO quotes (id, stockid, timestamp, value) VALUES (260, 4, '2016-06-08T12:38:00+02:00', 14.55);
INSERT INTO quotes (id, stockid, timestamp, value) VALUES (261, 2, '2016-06-08T12:44:00+02:00', 2.89);
INSERT INTO quotes (id, stockid, timestamp, value) VALUES (262, 3, '2016-06-08T10:45:03.748791+00:00', 1.1369);
INSERT INTO quotes (id, stockid, timestamp, value) VALUES (263, 4, '2016-06-08T12:52:00+02:00', 14.53);
INSERT INTO quotes (id, stockid, timestamp, value) VALUES (264, 2, '2016-06-08T12:56:00+02:00', 2.89);
INSERT INTO quotes (id, stockid, timestamp, value) VALUES (265, 4, '2016-06-08T13:07:00+02:00', 14.53);
INSERT INTO quotes (id, stockid, timestamp, value) VALUES (266, 2, '2016-06-08T13:10:00+02:00', 2.89);
INSERT INTO quotes (id, stockid, timestamp, value) VALUES (267, 4, '2016-06-08T13:21:00+02:00', 14.55);
INSERT INTO quotes (id, stockid, timestamp, value) VALUES (268, 2, '2016-06-08T13:16:00+02:00', 2.9);
INSERT INTO quotes (id, stockid, timestamp, value) VALUES (269, 2, '2016-06-08T13:28:00+02:00', 2.9);
INSERT INTO quotes (id, stockid, timestamp, value) VALUES (270, 4, '2016-06-08T13:35:00+02:00', 14.55);
INSERT INTO quotes (id, stockid, timestamp, value) VALUES (271, 2, '2016-06-08T13:36:00+02:00', 2.9);
INSERT INTO quotes (id, stockid, timestamp, value) VALUES (272, 3, '2016-06-08T11:46:02.986807+00:00', 1.1382);
INSERT INTO quotes (id, stockid, timestamp, value) VALUES (273, 4, '2016-06-08T13:49:00+02:00', 14.55);
INSERT INTO quotes (id, stockid, timestamp, value) VALUES (274, 2, '2016-06-08T13:50:00+02:00', 2.9);
INSERT INTO quotes (id, stockid, timestamp, value) VALUES (275, 4, '2016-06-08T14:03:00+02:00', 14.54);
INSERT INTO quotes (id, stockid, timestamp, value) VALUES (276, 2, '2016-06-08T13:58:00+02:00', 2.9);
INSERT INTO quotes (id, stockid, timestamp, value) VALUES (277, 2, '2016-06-08T14:11:00+02:00', 2.89);
INSERT INTO quotes (id, stockid, timestamp, value) VALUES (278, 4, '2016-06-08T14:16:00+02:00', 14.54);
INSERT INTO quotes (id, stockid, timestamp, value) VALUES (279, 2, '2016-06-08T14:19:00+02:00', 2.89);
INSERT INTO quotes (id, stockid, timestamp, value) VALUES (280, 4, '2016-06-08T14:30:00+02:00', 14.53);
INSERT INTO quotes (id, stockid, timestamp, value) VALUES (281, 2, '2016-06-08T14:27:00+02:00', 2.89);
INSERT INTO quotes (id, stockid, timestamp, value) VALUES (282, 2, '2016-06-08T14:37:00+02:00', 2.89);
INSERT INTO quotes (id, stockid, timestamp, value) VALUES (283, 4, '2016-06-08T14:43:00+02:00', 14.54);
INSERT INTO quotes (id, stockid, timestamp, value) VALUES (284, 3, '2016-06-08T12:47:02.581507+00:00', 1.1389);
INSERT INTO quotes (id, stockid, timestamp, value) VALUES (285, 2, '2016-06-08T14:48:00+02:00', 2.9);
INSERT INTO quotes (id, stockid, timestamp, value) VALUES (286, 4, '2016-06-08T14:57:00+02:00', 14.52);
INSERT INTO quotes (id, stockid, timestamp, value) VALUES (287, 2, '2016-06-08T15:01:00+02:00', 2.9);
INSERT INTO quotes (id, stockid, timestamp, value) VALUES (288, 4, '2016-06-08T15:10:00+02:00', 14.53);
INSERT INTO quotes (id, stockid, timestamp, value) VALUES (289, 2, '2016-06-08T15:14:00+02:00', 2.9);
INSERT INTO quotes (id, stockid, timestamp, value) VALUES (290, 4, '2016-06-08T15:23:00+02:00', 14.54);
INSERT INTO quotes (id, stockid, timestamp, value) VALUES (291, 2, '2016-06-08T15:27:00+02:00', 2.9);
INSERT INTO quotes (id, stockid, timestamp, value) VALUES (292, 4, '2016-06-08T15:36:00+02:00', 14.52);
INSERT INTO quotes (id, stockid, timestamp, value) VALUES (293, 2, '2016-06-08T15:39:00+02:00', 2.9);
INSERT INTO quotes (id, stockid, timestamp, value) VALUES (294, 9, '2016-06-08T09:44:00-04:00', 30.08);
INSERT INTO quotes (id, stockid, timestamp, value) VALUES (295, 3, '2016-06-08T13:48:02.757102+00:00', 1.14);
INSERT INTO quotes (id, stockid, timestamp, value) VALUES (296, 4, '2016-06-08T15:49:00+02:00', 14.51);
INSERT INTO quotes (id, stockid, timestamp, value) VALUES (297, 2, '2016-06-08T15:52:00+02:00', 2.9);
INSERT INTO quotes (id, stockid, timestamp, value) VALUES (298, 9, '2016-06-08T09:59:00-04:00', 30.1);
INSERT INTO quotes (id, stockid, timestamp, value) VALUES (299, 4, '2016-06-08T16:03:00+02:00', 14.53);
INSERT INTO quotes (id, stockid, timestamp, value) VALUES (300, 2, '2016-06-08T16:06:00+02:00', 2.91);
INSERT INTO quotes (id, stockid, timestamp, value) VALUES (301, 9, '2016-06-08T10:13:00-04:00', 30.09);
INSERT INTO quotes (id, stockid, timestamp, value) VALUES (302, 4, '2016-06-08T16:16:00+02:00', 14.48);
INSERT INTO quotes (id, stockid, timestamp, value) VALUES (303, 2, '2016-06-08T16:20:00+02:00', 2.91);
INSERT INTO quotes (id, stockid, timestamp, value) VALUES (304, 9, '2016-06-08T10:27:00-04:00', 30.08);
INSERT INTO quotes (id, stockid, timestamp, value) VALUES (305, 4, '2016-06-08T16:30:00+02:00', 14.5);
INSERT INTO quotes (id, stockid, timestamp, value) VALUES (306, 2, '2016-06-08T16:34:00+02:00', 2.91);
INSERT INTO quotes (id, stockid, timestamp, value) VALUES (307, 9, '2016-06-08T10:41:00-04:00', 30.08);
INSERT INTO quotes (id, stockid, timestamp, value) VALUES (308, 4, '2016-06-08T16:42:00+02:00', 14.51);
INSERT INTO quotes (id, stockid, timestamp, value) VALUES (309, 2, '2016-06-08T16:48:00+02:00', 2.91);
INSERT INTO quotes (id, stockid, timestamp, value) VALUES (310, 3, '2016-06-08T14:49:03.456760+00:00', 1.1401);
INSERT INTO quotes (id, stockid, timestamp, value) VALUES (311, 9, '2016-06-08T10:55:00-04:00', 30.09);
INSERT INTO quotes (id, stockid, timestamp, value) VALUES (312, 4, '2016-06-08T16:56:00+02:00', 14.48);
INSERT INTO quotes (id, stockid, timestamp, value) VALUES (313, 2, '2016-06-08T17:02:00+02:00', 2.91);
INSERT INTO quotes (id, stockid, timestamp, value) VALUES (314, 9, '2016-06-08T11:09:00-04:00', 30.09);
INSERT INTO quotes (id, stockid, timestamp, value) VALUES (315, 4, '2016-06-08T17:10:00+02:00', 14.47);
INSERT INTO quotes (id, stockid, timestamp, value) VALUES (316, 2, '2016-06-08T17:16:00+02:00', 2.91);
INSERT INTO quotes (id, stockid, timestamp, value) VALUES (317, 9, '2016-06-08T11:23:00-04:00', 30.08);
INSERT INTO quotes (id, stockid, timestamp, value) VALUES (318, 4, '2016-06-08T17:24:00+02:00', 14.48);
INSERT INTO quotes (id, stockid, timestamp, value) VALUES (319, 9, '2016-06-08T11:37:00-04:00', 30.08);
INSERT INTO quotes (id, stockid, timestamp, value) VALUES (320, 3, '2016-06-08T15:50:02.210418+00:00', 1.1404);
INSERT INTO quotes (id, stockid, timestamp, value) VALUES (321, 9, '2016-06-08T11:51:00-04:00', 30.09);
INSERT INTO quotes (id, stockid, timestamp, value) VALUES (322, 9, '2016-06-08T12:05:00-04:00', 30.09);
INSERT INTO quotes (id, stockid, timestamp, value) VALUES (323, 9, '2016-06-08T12:20:00-04:00', 30.08);
INSERT INTO quotes (id, stockid, timestamp, value) VALUES (324, 9, '2016-06-08T12:34:00-04:00', 30.08);
INSERT INTO quotes (id, stockid, timestamp, value) VALUES (325, 9, '2016-06-08T12:48:00-04:00', 30.08);
INSERT INTO quotes (id, stockid, timestamp, value) VALUES (326, 3, '2016-06-08T16:50:02.834658+00:00', 1.1401);
INSERT INTO quotes (id, stockid, timestamp, value) VALUES (327, 9, '2016-06-08T13:02:00-04:00', 30.09);
INSERT INTO quotes (id, stockid, timestamp, value) VALUES (328, 9, '2016-06-08T13:16:00-04:00', 30.08);
INSERT INTO quotes (id, stockid, timestamp, value) VALUES (329, 9, '2016-06-08T13:30:00-04:00', 30.08);
INSERT INTO quotes (id, stockid, timestamp, value) VALUES (330, 9, '2016-06-08T13:44:00-04:00', 30.08);
INSERT INTO quotes (id, stockid, timestamp, value) VALUES (331, 3, '2016-06-08T17:51:03.055903+00:00', 1.1401);
INSERT INTO quotes (id, stockid, timestamp, value) VALUES (332, 9, '2016-06-08T13:58:00-04:00', 30.09);
INSERT INTO quotes (id, stockid, timestamp, value) VALUES (333, 9, '2016-06-08T14:13:00-04:00', 30.08);
INSERT INTO quotes (id, stockid, timestamp, value) VALUES (334, 3, '2016-06-08T19:32:49.500607+00:00', 1.1395);
INSERT INTO quotes (id, stockid, timestamp, value) VALUES (335, 9, '2016-06-08T15:32:00-04:00', 30.07);
INSERT INTO quotes (id, stockid, timestamp, value) VALUES (336, 9, '2016-06-08T15:46:00-04:00', 30.07);
INSERT INTO quotes (id, stockid, timestamp, value) VALUES (337, 3, '2016-06-08T20:33:02.709884+00:00', 1.1396);
INSERT INTO quotes (id, stockid, timestamp, value) VALUES (338, 3, '2016-06-08T21:34:02.312736+00:00', 1.14);
INSERT INTO quotes (id, stockid, timestamp, value) VALUES (339, 3, '2016-06-08T22:35:02.468184+00:00', 1.14);
INSERT INTO quotes (id, stockid, timestamp, value) VALUES (340, 3, '2016-06-08T23:35:03.078541+00:00', 1.1403);
INSERT INTO quotes (id, stockid, timestamp, value) VALUES (341, 3, '2016-06-09T00:36:02.271116+00:00', 1.1402);
INSERT INTO quotes (id, stockid, timestamp, value) VALUES (342, 3, '2016-06-09T01:36:02.783744+00:00', 1.1403);
INSERT INTO quotes (id, stockid, timestamp, value) VALUES (343, 3, '2016-06-09T02:37:02.437152+00:00', 1.1415);
INSERT INTO quotes (id, stockid, timestamp, value) VALUES (344, 3, '2016-06-09T03:38:03.058846+00:00', 1.1411);
INSERT INTO quotes (id, stockid, timestamp, value) VALUES (345, 3, '2016-06-09T04:39:03.002605+00:00', 1.1403);
INSERT INTO quotes (id, stockid, timestamp, value) VALUES (346, 3, '2016-06-09T05:40:02.878176+00:00', 1.1399);
INSERT INTO quotes (id, stockid, timestamp, value) VALUES (347, 3, '2016-06-09T06:41:02.137950+00:00', 1.1393);
INSERT INTO quotes (id, stockid, timestamp, value) VALUES (348, 2, '2016-06-08T17:35:00+02:00', 2.91);
INSERT INTO quotes (id, stockid, timestamp, value) VALUES (349, 4, '2016-06-08T17:35:00+02:00', 14.52);
INSERT INTO quotes (id, stockid, timestamp, value) VALUES (350, 2, '2016-06-09T09:01:00+02:00', 2.91);
INSERT INTO quotes (id, stockid, timestamp, value) VALUES (351, 4, '2016-06-09T09:14:00+02:00', 14.39);
INSERT INTO quotes (id, stockid, timestamp, value) VALUES (352, 2, '2016-06-09T09:15:00+02:00', 2.91);
INSERT INTO quotes (id, stockid, timestamp, value) VALUES (353, 4, '2016-06-09T09:28:00+02:00', 14.43);
INSERT INTO quotes (id, stockid, timestamp, value) VALUES (354, 2, '2016-06-09T09:28:00+02:00', 2.91);
INSERT INTO quotes (id, stockid, timestamp, value) VALUES (355, 3, '2016-06-09T07:42:03.266905+00:00', 1.1386);
INSERT INTO quotes (id, stockid, timestamp, value) VALUES (356, 2, '2016-06-09T09:41:00+02:00', 2.91);
INSERT INTO quotes (id, stockid, timestamp, value) VALUES (357, 4, '2016-06-09T09:42:00+02:00', 14.46);
INSERT INTO quotes (id, stockid, timestamp, value) VALUES (358, 2, '2016-06-09T09:53:00+02:00', 2.93);
INSERT INTO quotes (id, stockid, timestamp, value) VALUES (359, 4, '2016-06-09T09:54:00+02:00', 14.41);
INSERT INTO quotes (id, stockid, timestamp, value) VALUES (360, 2, '2016-06-09T10:07:00+02:00', 2.92);
INSERT INTO quotes (id, stockid, timestamp, value) VALUES (361, 4, '2016-06-09T10:07:00+02:00', 14.41);
INSERT INTO quotes (id, stockid, timestamp, value) VALUES (362, 2, '2016-06-09T10:20:00+02:00', 2.92);
INSERT INTO quotes (id, stockid, timestamp, value) VALUES (363, 4, '2016-06-09T10:21:00+02:00', 14.36);
INSERT INTO quotes (id, stockid, timestamp, value) VALUES (364, 2, '2016-06-09T10:32:00+02:00', 2.92);
INSERT INTO quotes (id, stockid, timestamp, value) VALUES (365, 4, '2016-06-09T10:35:00+02:00', 14.35);
INSERT INTO quotes (id, stockid, timestamp, value) VALUES (366, 3, '2016-06-09T08:43:02.508956+00:00', 1.1365);
INSERT INTO quotes (id, stockid, timestamp, value) VALUES (367, 2, '2016-06-09T10:43:00+02:00', 2.92);
INSERT INTO quotes (id, stockid, timestamp, value) VALUES (368, 4, '2016-06-09T10:48:00+02:00', 14.33);
INSERT INTO quotes (id, stockid, timestamp, value) VALUES (369, 2, '2016-06-09T10:51:00+02:00', 2.92);
INSERT INTO quotes (id, stockid, timestamp, value) VALUES (370, 4, '2016-06-09T11:02:00+02:00', 14.33);
INSERT INTO quotes (id, stockid, timestamp, value) VALUES (371, 2, '2016-06-09T11:04:00+02:00', 2.92);
INSERT INTO quotes (id, stockid, timestamp, value) VALUES (372, 4, '2016-06-09T11:16:00+02:00', 14.34);
INSERT INTO quotes (id, stockid, timestamp, value) VALUES (373, 2, '2016-06-09T11:15:00+02:00', 2.92);
INSERT INTO quotes (id, stockid, timestamp, value) VALUES (374, 2, '2016-06-09T11:28:00+02:00', 2.92);
INSERT INTO quotes (id, stockid, timestamp, value) VALUES (375, 4, '2016-06-09T11:30:00+02:00', 14.33);
INSERT INTO quotes (id, stockid, timestamp, value) VALUES (376, 2, '2016-06-09T11:41:00+02:00', 2.92);
INSERT INTO quotes (id, stockid, timestamp, value) VALUES (377, 3, '2016-06-09T09:43:03.016313+00:00', 1.1358);
INSERT INTO quotes (id, stockid, timestamp, value) VALUES (378, 4, '2016-06-09T11:44:00+02:00', 14.32);
INSERT INTO quotes (id, stockid, timestamp, value) VALUES (379, 2, '2016-06-09T11:55:00+02:00', 2.92);
INSERT INTO quotes (id, stockid, timestamp, value) VALUES (380, 4, '2016-06-09T11:58:00+02:00', 14.35);
INSERT INTO quotes (id, stockid, timestamp, value) VALUES (381, 2, '2016-06-09T12:09:00+02:00', 2.92);
INSERT INTO quotes (id, stockid, timestamp, value) VALUES (382, 4, '2016-06-09T12:11:00+02:00', 14.36);
INSERT INTO quotes (id, stockid, timestamp, value) VALUES (383, 2, '2016-06-09T12:23:00+02:00', 2.92);
INSERT INTO quotes (id, stockid, timestamp, value) VALUES (384, 4, '2016-06-09T12:23:00+02:00', 14.39);
INSERT INTO quotes (id, stockid, timestamp, value) VALUES (385, 2, '2016-06-09T12:37:00+02:00', 2.94);
INSERT INTO quotes (id, stockid, timestamp, value) VALUES (386, 4, '2016-06-09T12:35:00+02:00', 14.37);
INSERT INTO quotes (id, stockid, timestamp, value) VALUES (387, 3, '2016-06-09T10:44:02.296574+00:00', 1.1345);
INSERT INTO quotes (id, stockid, timestamp, value) VALUES (388, 4, '2016-06-09T12:49:00+02:00', 14.37);
INSERT INTO quotes (id, stockid, timestamp, value) VALUES (389, 2, '2016-06-09T12:51:00+02:00', 2.95);
INSERT INTO quotes (id, stockid, timestamp, value) VALUES (390, 4, '2016-06-09T13:02:00+02:00', 14.38);
INSERT INTO quotes (id, stockid, timestamp, value) VALUES (391, 2, '2016-06-09T13:02:00+02:00', 2.95);
INSERT INTO quotes (id, stockid, timestamp, value) VALUES (392, 2, '2016-06-09T13:09:00+02:00', 2.95);
INSERT INTO quotes (id, stockid, timestamp, value) VALUES (393, 4, '2016-06-09T13:16:00+02:00', 14.38);
INSERT INTO quotes (id, stockid, timestamp, value) VALUES (394, 2, '2016-06-09T13:23:00+02:00', 2.96);
INSERT INTO quotes (id, stockid, timestamp, value) VALUES (395, 4, '2016-06-09T13:29:00+02:00', 14.38);
INSERT INTO quotes (id, stockid, timestamp, value) VALUES (396, 2, '2016-06-09T13:36:00+02:00', 2.97);
INSERT INTO quotes (id, stockid, timestamp, value) VALUES (397, 3, '2016-06-09T11:44:04.249955+00:00', 1.1341);
INSERT INTO quotes (id, stockid, timestamp, value) VALUES (398, 4, '2016-06-09T13:41:00+02:00', 14.38);
INSERT INTO quotes (id, stockid, timestamp, value) VALUES (399, 2, '2016-06-09T13:48:00+02:00', 2.96);
INSERT INTO quotes (id, stockid, timestamp, value) VALUES (400, 4, '2016-06-09T13:55:00+02:00', 14.36);
INSERT INTO quotes (id, stockid, timestamp, value) VALUES (401, 2, '2016-06-09T14:02:00+02:00', 2.96);
INSERT INTO quotes (id, stockid, timestamp, value) VALUES (402, 4, '2016-06-09T14:08:00+02:00', 14.35);
INSERT INTO quotes (id, stockid, timestamp, value) VALUES (403, 2, '2016-06-09T14:11:00+02:00', 2.95);
INSERT INTO quotes (id, stockid, timestamp, value) VALUES (404, 4, '2016-06-09T14:22:00+02:00', 14.34);
INSERT INTO quotes (id, stockid, timestamp, value) VALUES (405, 2, '2016-06-09T14:25:00+02:00', 2.95);
INSERT INTO quotes (id, stockid, timestamp, value) VALUES (406, 4, '2016-06-09T14:36:00+02:00', 14.34);
INSERT INTO quotes (id, stockid, timestamp, value) VALUES (407, 2, '2016-06-09T14:37:00+02:00', 2.96);
INSERT INTO quotes (id, stockid, timestamp, value) VALUES (408, 3, '2016-06-09T12:45:02.377989+00:00', 1.1335);
INSERT INTO quotes (id, stockid, timestamp, value) VALUES (409, 4, '2016-06-09T14:50:00+02:00', 14.35);
INSERT INTO quotes (id, stockid, timestamp, value) VALUES (410, 2, '2016-06-09T14:51:00+02:00', 2.96);
INSERT INTO quotes (id, stockid, timestamp, value) VALUES (411, 4, '2016-06-09T15:04:00+02:00', 14.35);
INSERT INTO quotes (id, stockid, timestamp, value) VALUES (412, 2, '2016-06-09T15:04:00+02:00', 2.97);
INSERT INTO quotes (id, stockid, timestamp, value) VALUES (413, 2, '2016-06-09T15:18:00+02:00', 2.99);
INSERT INTO quotes (id, stockid, timestamp, value) VALUES (414, 4, '2016-06-09T15:18:00+02:00', 14.32);
INSERT INTO quotes (id, stockid, timestamp, value) VALUES (415, 2, '2016-06-09T15:32:00+02:00', 2.98);
INSERT INTO quotes (id, stockid, timestamp, value) VALUES (416, 4, '2016-06-09T15:31:00+02:00', 14.32);
INSERT INTO quotes (id, stockid, timestamp, value) VALUES (417, 3, '2016-06-09T13:45:02.890620+00:00', 1.1325);
INSERT INTO quotes (id, stockid, timestamp, value) VALUES (418, 9, '2016-06-09T09:45:00-04:00', 30.1);
INSERT INTO quotes (id, stockid, timestamp, value) VALUES (419, 4, '2016-06-09T15:45:00+02:00', 14.34);
INSERT INTO quotes (id, stockid, timestamp, value) VALUES (420, 2, '2016-06-09T15:44:00+02:00', 2.98);
INSERT INTO quotes (id, stockid, timestamp, value) VALUES (421, 2, '2016-06-09T15:54:00+02:00', 2.98);
INSERT INTO quotes (id, stockid, timestamp, value) VALUES (422, 4, '2016-06-09T15:59:00+02:00', 14.36);
INSERT INTO quotes (id, stockid, timestamp, value) VALUES (423, 9, '2016-06-09T10:00:00-04:00', 30.15);
INSERT INTO quotes (id, stockid, timestamp, value) VALUES (424, 2, '2016-06-09T16:08:00+02:00', 2.98);
INSERT INTO quotes (id, stockid, timestamp, value) VALUES (425, 4, '2016-06-09T16:13:00+02:00', 14.32);
INSERT INTO quotes (id, stockid, timestamp, value) VALUES (426, 9, '2016-06-09T10:15:00-04:00', 30.08);
INSERT INTO quotes (id, stockid, timestamp, value) VALUES (427, 2, '2016-06-09T16:18:00+02:00', 2.97);
INSERT INTO quotes (id, stockid, timestamp, value) VALUES (428, 4, '2016-06-09T16:27:00+02:00', 14.31);
INSERT INTO quotes (id, stockid, timestamp, value) VALUES (429, 9, '2016-06-09T10:30:00-04:00', 30.09);
INSERT INTO quotes (id, stockid, timestamp, value) VALUES (430, 2, '2016-06-09T16:30:00+02:00', 2.97);
INSERT INTO quotes (id, stockid, timestamp, value) VALUES (431, 4, '2016-06-09T16:41:00+02:00', 14.28);
INSERT INTO quotes (id, stockid, timestamp, value) VALUES (432, 2, '2016-06-09T16:39:00+02:00', 2.98);
INSERT INTO quotes (id, stockid, timestamp, value) VALUES (433, 9, '2016-06-09T10:45:00-04:00', 30.09);
INSERT INTO quotes (id, stockid, timestamp, value) VALUES (434, 3, '2016-06-09T14:46:02.442209+00:00', 1.1313);
INSERT INTO quotes (id, stockid, timestamp, value) VALUES (435, 2, '2016-06-09T16:51:00+02:00', 2.99);
INSERT INTO quotes (id, stockid, timestamp, value) VALUES (436, 4, '2016-06-09T16:55:00+02:00', 14.32);
INSERT INTO quotes (id, stockid, timestamp, value) VALUES (437, 9, '2016-06-09T11:00:00-04:00', 30.09);
INSERT INTO quotes (id, stockid, timestamp, value) VALUES (438, 2, '2016-06-09T17:04:00+02:00', 2.99);
INSERT INTO quotes (id, stockid, timestamp, value) VALUES (439, 4, '2016-06-09T17:09:00+02:00', 14.33);
INSERT INTO quotes (id, stockid, timestamp, value) VALUES (440, 9, '2016-06-09T11:14:00-04:00', 30.08);
INSERT INTO quotes (id, stockid, timestamp, value) VALUES (441, 2, '2016-06-09T17:19:00+02:00', 2.98);
INSERT INTO quotes (id, stockid, timestamp, value) VALUES (442, 4, '2016-06-09T17:23:00+02:00', 14.32);
INSERT INTO quotes (id, stockid, timestamp, value) VALUES (443, 9, '2016-06-09T11:28:00-04:00', 30.08);
INSERT INTO quotes (id, stockid, timestamp, value) VALUES (444, 9, '2016-06-09T11:42:00-04:00', 30.06);
INSERT INTO quotes (id, stockid, timestamp, value) VALUES (445, 3, '2016-06-09T15:47:02.233064+00:00', 1.1326);
INSERT INTO quotes (id, stockid, timestamp, value) VALUES (446, 9, '2016-06-09T11:56:00-04:00', 30.06);
INSERT INTO quotes (id, stockid, timestamp, value) VALUES (447, 9, '2016-06-09T12:10:00-04:00', 30.06);
INSERT INTO quotes (id, stockid, timestamp, value) VALUES (448, 9, '2016-06-09T12:24:00-04:00', 30.06);
INSERT INTO quotes (id, stockid, timestamp, value) VALUES (449, 9, '2016-06-09T12:38:00-04:00', 30.07);
INSERT INTO quotes (id, stockid, timestamp, value) VALUES (450, 3, '2016-06-09T16:47:02.995760+00:00', 1.1316);
INSERT INTO quotes (id, stockid, timestamp, value) VALUES (451, 9, '2016-06-09T12:52:00-04:00', 30.07);
INSERT INTO quotes (id, stockid, timestamp, value) VALUES (452, 9, '2016-06-09T13:06:00-04:00', 30.05);
INSERT INTO quotes (id, stockid, timestamp, value) VALUES (453, 9, '2016-06-09T13:20:00-04:00', 30.07);
INSERT INTO quotes (id, stockid, timestamp, value) VALUES (454, 9, '2016-06-09T13:34:00-04:00', 30.07);
INSERT INTO quotes (id, stockid, timestamp, value) VALUES (455, 3, '2016-06-09T17:48:03.056135+00:00', 1.1323);
INSERT INTO quotes (id, stockid, timestamp, value) VALUES (456, 9, '2016-06-09T13:48:00-04:00', 30.07);
INSERT INTO quotes (id, stockid, timestamp, value) VALUES (457, 9, '2016-06-09T14:02:00-04:00', 30.06);
INSERT INTO quotes (id, stockid, timestamp, value) VALUES (458, 9, '2016-06-09T14:16:00-04:00', 30.06);
INSERT INTO quotes (id, stockid, timestamp, value) VALUES (459, 9, '2016-06-09T14:30:00-04:00', 30.06);
INSERT INTO quotes (id, stockid, timestamp, value) VALUES (460, 9, '2016-06-09T14:44:00-04:00', 30.06);
INSERT INTO quotes (id, stockid, timestamp, value) VALUES (461, 3, '2016-06-09T18:49:03.007602+00:00', 1.1331);
INSERT INTO quotes (id, stockid, timestamp, value) VALUES (462, 9, '2016-06-09T14:58:00-04:00', 30.06);
INSERT INTO quotes (id, stockid, timestamp, value) VALUES (463, 9, '2016-06-09T15:12:00-04:00', 30.06);
INSERT INTO quotes (id, stockid, timestamp, value) VALUES (464, 9, '2016-06-09T15:26:00-04:00', 30.06);
INSERT INTO quotes (id, stockid, timestamp, value) VALUES (465, 9, '2016-06-09T15:41:00-04:00', 30.06);
INSERT INTO quotes (id, stockid, timestamp, value) VALUES (466, 3, '2016-06-09T19:50:02.828156+00:00', 1.1322);
INSERT INTO quotes (id, stockid, timestamp, value) VALUES (467, 9, '2016-06-09T15:55:00-04:00', 30.04);
INSERT INTO quotes (id, stockid, timestamp, value) VALUES (468, 3, '2016-06-09T20:51:02.703605+00:00', 1.1316);
INSERT INTO quotes (id, stockid, timestamp, value) VALUES (469, 3, '2016-06-09T21:52:02.612697+00:00', 1.1317);
INSERT INTO quotes (id, stockid, timestamp, value) VALUES (470, 3, '2016-06-09T22:53:02.910134+00:00', 1.1316);
INSERT INTO quotes (id, stockid, timestamp, value) VALUES (471, 3, '2016-06-09T23:54:03.260270+00:00', 1.1314);
INSERT INTO quotes (id, stockid, timestamp, value) VALUES (472, 3, '2016-06-10T00:55:02.832303+00:00', 1.1301);
INSERT INTO quotes (id, stockid, timestamp, value) VALUES (473, 3, '2016-06-10T01:56:02.530880+00:00', 1.13);
INSERT INTO quotes (id, stockid, timestamp, value) VALUES (474, 3, '2016-06-10T02:56:03.058733+00:00', 1.1296);
INSERT INTO quotes (id, stockid, timestamp, value) VALUES (475, 3, '2016-06-10T03:57:02.118198+00:00', 1.13);
INSERT INTO quotes (id, stockid, timestamp, value) VALUES (476, 3, '2016-06-10T04:57:03.013305+00:00', 1.1294);
INSERT INTO quotes (id, stockid, timestamp, value) VALUES (477, 3, '2016-06-10T05:58:02.521228+00:00', 1.1301);
INSERT INTO quotes (id, stockid, timestamp, value) VALUES (478, 3, '2016-06-10T06:59:02.441265+00:00', 1.13);
INSERT INTO quotes (id, stockid, timestamp, value) VALUES (479, 2, '2016-06-09T17:35:00+02:00', 2.98);
INSERT INTO quotes (id, stockid, timestamp, value) VALUES (480, 4, '2016-06-09T17:35:00+02:00', 14.31);
INSERT INTO quotes (id, stockid, timestamp, value) VALUES (481, 2, '2016-06-10T09:00:00+02:00', 2.99);
INSERT INTO quotes (id, stockid, timestamp, value) VALUES (482, 2, '2016-06-10T09:14:00+02:00', 2.95);
INSERT INTO quotes (id, stockid, timestamp, value) VALUES (483, 4, '2016-06-10T09:15:00+02:00', 14.22);
INSERT INTO quotes (id, stockid, timestamp, value) VALUES (484, 2, '2016-06-10T09:28:00+02:00', 2.95);
INSERT INTO quotes (id, stockid, timestamp, value) VALUES (485, 4, '2016-06-10T09:30:00+02:00', 14.1);
INSERT INTO quotes (id, stockid, timestamp, value) VALUES (486, 2, '2016-06-10T09:41:00+02:00', 2.95);
INSERT INTO quotes (id, stockid, timestamp, value) VALUES (487, 4, '2016-06-10T09:43:00+02:00', 14.11);
INSERT INTO quotes (id, stockid, timestamp, value) VALUES (488, 2, '2016-06-10T09:55:00+02:00', 2.95);
INSERT INTO quotes (id, stockid, timestamp, value) VALUES (489, 4, '2016-06-10T09:56:00+02:00', 14.07);
INSERT INTO quotes (id, stockid, timestamp, value) VALUES (490, 3, '2016-06-10T08:00:02.337826+00:00', 1.1316);
INSERT INTO quotes (id, stockid, timestamp, value) VALUES (491, 2, '2016-06-10T10:09:00+02:00', 2.94);
INSERT INTO quotes (id, stockid, timestamp, value) VALUES (492, 4, '2016-06-10T10:10:00+02:00', 14.01);
INSERT INTO quotes (id, stockid, timestamp, value) VALUES (493, 2, '2016-06-10T10:22:00+02:00', 2.94);
INSERT INTO quotes (id, stockid, timestamp, value) VALUES (494, 4, '2016-06-10T10:24:00+02:00', 14.06);
INSERT INTO quotes (id, stockid, timestamp, value) VALUES (495, 2, '2016-06-10T10:36:00+02:00', 2.94);
INSERT INTO quotes (id, stockid, timestamp, value) VALUES (496, 4, '2016-06-10T10:38:00+02:00', 14.06);
INSERT INTO quotes (id, stockid, timestamp, value) VALUES (497, 2, '2016-06-10T10:49:00+02:00', 2.94);
INSERT INTO quotes (id, stockid, timestamp, value) VALUES (498, 4, '2016-06-10T10:52:00+02:00', 14.05);
INSERT INTO quotes (id, stockid, timestamp, value) VALUES (499, 3, '2016-06-10T09:01:03.158747+00:00', 1.1303);
INSERT INTO quotes (id, stockid, timestamp, value) VALUES (500, 2, '2016-06-10T11:00:00+02:00', 2.93);
INSERT INTO quotes (id, stockid, timestamp, value) VALUES (501, 4, '2016-06-10T11:06:00+02:00', 14.05);
INSERT INTO quotes (id, stockid, timestamp, value) VALUES (502, 2, '2016-06-10T11:12:00+02:00', 2.92);
INSERT INTO quotes (id, stockid, timestamp, value) VALUES (503, 4, '2016-06-10T11:20:00+02:00', 14.09);
INSERT INTO quotes (id, stockid, timestamp, value) VALUES (504, 2, '2016-06-10T11:23:00+02:00', 2.92);
INSERT INTO quotes (id, stockid, timestamp, value) VALUES (505, 4, '2016-06-10T11:33:00+02:00', 14.1);
INSERT INTO quotes (id, stockid, timestamp, value) VALUES (506, 2, '2016-06-10T11:37:00+02:00', 2.92);
INSERT INTO quotes (id, stockid, timestamp, value) VALUES (507, 4, '2016-06-10T11:47:00+02:00', 14.09);
INSERT INTO quotes (id, stockid, timestamp, value) VALUES (508, 2, '2016-06-10T11:52:00+02:00', 2.92);
INSERT INTO quotes (id, stockid, timestamp, value) VALUES (509, 3, '2016-06-10T10:02:02.563201+00:00', 1.1286);
INSERT INTO quotes (id, stockid, timestamp, value) VALUES (510, 4, '2016-06-10T12:00:00+02:00', 14.03);
INSERT INTO quotes (id, stockid, timestamp, value) VALUES (511, 2, '2016-06-10T12:05:00+02:00', 2.91);
INSERT INTO quotes (id, stockid, timestamp, value) VALUES (512, 4, '2016-06-10T12:12:00+02:00', 14.02);
INSERT INTO quotes (id, stockid, timestamp, value) VALUES (513, 2, '2016-06-10T12:14:00+02:00', 2.91);
INSERT INTO quotes (id, stockid, timestamp, value) VALUES (514, 4, '2016-06-10T12:26:00+02:00', 13.99);
INSERT INTO quotes (id, stockid, timestamp, value) VALUES (515, 2, '2016-06-10T12:22:00+02:00', 2.91);
INSERT INTO quotes (id, stockid, timestamp, value) VALUES (516, 4, '2016-06-10T12:40:00+02:00', 13.93);
INSERT INTO quotes (id, stockid, timestamp, value) VALUES (517, 2, '2016-06-10T12:42:00+02:00', 2.91);
INSERT INTO quotes (id, stockid, timestamp, value) VALUES (518, 4, '2016-06-10T12:55:00+02:00', 13.94);
INSERT INTO quotes (id, stockid, timestamp, value) VALUES (519, 2, '2016-06-10T12:53:00+02:00', 2.91);
INSERT INTO quotes (id, stockid, timestamp, value) VALUES (520, 3, '2016-06-10T11:03:02.375846+00:00', 1.1299);
INSERT INTO quotes (id, stockid, timestamp, value) VALUES (521, 2, '2016-06-10T13:03:00+02:00', 2.91);
INSERT INTO quotes (id, stockid, timestamp, value) VALUES (522, 4, '2016-06-10T13:08:00+02:00', 13.95);
INSERT INTO quotes (id, stockid, timestamp, value) VALUES (523, 2, '2016-06-10T13:17:00+02:00', 2.91);
INSERT INTO quotes (id, stockid, timestamp, value) VALUES (524, 4, '2016-06-10T13:22:00+02:00', 13.92);
INSERT INTO quotes (id, stockid, timestamp, value) VALUES (525, 2, '2016-06-10T13:23:00+02:00', 2.91);
INSERT INTO quotes (id, stockid, timestamp, value) VALUES (526, 4, '2016-06-10T13:36:00+02:00', 13.91);
INSERT INTO quotes (id, stockid, timestamp, value) VALUES (527, 2, '2016-06-10T13:39:00+02:00', 2.91);
INSERT INTO quotes (id, stockid, timestamp, value) VALUES (528, 4, '2016-06-10T13:47:00+02:00', 13.86);
INSERT INTO quotes (id, stockid, timestamp, value) VALUES (529, 2, '2016-06-10T13:47:00+02:00', 2.91);
INSERT INTO quotes (id, stockid, timestamp, value) VALUES (530, 2, '2016-06-10T14:01:00+02:00', 2.9);
INSERT INTO quotes (id, stockid, timestamp, value) VALUES (531, 4, '2016-06-10T14:01:00+02:00', 13.85);
INSERT INTO quotes (id, stockid, timestamp, value) VALUES (532, 3, '2016-06-10T12:03:02.973093+00:00', 1.1299);
INSERT INTO quotes (id, stockid, timestamp, value) VALUES (533, 2, '2016-06-10T14:12:00+02:00', 2.91);
INSERT INTO quotes (id, stockid, timestamp, value) VALUES (534, 4, '2016-06-10T14:15:00+02:00', 13.84);
INSERT INTO quotes (id, stockid, timestamp, value) VALUES (535, 4, '2016-06-10T14:29:00+02:00', 13.84);
INSERT INTO quotes (id, stockid, timestamp, value) VALUES (536, 2, '2016-06-10T14:41:00+02:00', 2.91);
INSERT INTO quotes (id, stockid, timestamp, value) VALUES (537, 4, '2016-06-10T14:43:00+02:00', 13.85);
INSERT INTO quotes (id, stockid, timestamp, value) VALUES (538, 2, '2016-06-10T14:49:00+02:00', 2.9);
INSERT INTO quotes (id, stockid, timestamp, value) VALUES (539, 4, '2016-06-10T14:56:00+02:00', 13.81);
INSERT INTO quotes (id, stockid, timestamp, value) VALUES (540, 2, '2016-06-10T14:59:00+02:00', 2.9);
INSERT INTO quotes (id, stockid, timestamp, value) VALUES (541, 3, '2016-06-10T13:04:03.736633+00:00', 1.1299);
INSERT INTO quotes (id, stockid, timestamp, value) VALUES (542, 4, '2016-06-10T15:10:00+02:00', 13.81);
INSERT INTO quotes (id, stockid, timestamp, value) VALUES (543, 2, '2016-06-10T15:12:00+02:00', 2.89);
INSERT INTO quotes (id, stockid, timestamp, value) VALUES (544, 4, '2016-06-10T15:23:00+02:00', 13.85);
INSERT INTO quotes (id, stockid, timestamp, value) VALUES (545, 2, '2016-06-10T15:26:00+02:00', 2.9);
INSERT INTO quotes (id, stockid, timestamp, value) VALUES (546, 9, '2016-06-09T16:00:00-04:00', 30.06);
INSERT INTO quotes (id, stockid, timestamp, value) VALUES (547, 4, '2016-06-10T15:36:00+02:00', 13.88);
INSERT INTO quotes (id, stockid, timestamp, value) VALUES (548, 2, '2016-06-10T15:38:00+02:00', 2.89);
INSERT INTO quotes (id, stockid, timestamp, value) VALUES (549, 9, '2016-06-10T09:45:00-04:00', 30.03);
INSERT INTO quotes (id, stockid, timestamp, value) VALUES (550, 4, '2016-06-10T15:50:00+02:00', 13.84);
INSERT INTO quotes (id, stockid, timestamp, value) VALUES (551, 2, '2016-06-10T15:52:00+02:00', 2.89);
INSERT INTO quotes (id, stockid, timestamp, value) VALUES (552, 9, '2016-06-10T10:00:00-04:00', 30.02);
INSERT INTO quotes (id, stockid, timestamp, value) VALUES (553, 3, '2016-06-10T14:05:03.194326+00:00', 1.1295);
INSERT INTO quotes (id, stockid, timestamp, value) VALUES (554, 4, '2016-06-10T16:05:00+02:00', 13.81);
INSERT INTO quotes (id, stockid, timestamp, value) VALUES (555, 2, '2016-06-10T16:04:00+02:00', 2.89);
INSERT INTO quotes (id, stockid, timestamp, value) VALUES (556, 9, '2016-06-10T10:14:00-04:00', 30.02);
INSERT INTO quotes (id, stockid, timestamp, value) VALUES (557, 2, '2016-06-10T16:18:00+02:00', 2.89);
INSERT INTO quotes (id, stockid, timestamp, value) VALUES (558, 4, '2016-06-10T16:19:00+02:00', 13.85);
INSERT INTO quotes (id, stockid, timestamp, value) VALUES (559, 9, '2016-06-10T10:29:00-04:00', 30.03);
INSERT INTO quotes (id, stockid, timestamp, value) VALUES (560, 2, '2016-06-10T16:32:00+02:00', 2.89);
INSERT INTO quotes (id, stockid, timestamp, value) VALUES (561, 4, '2016-06-10T16:33:00+02:00', 13.85);
INSERT INTO quotes (id, stockid, timestamp, value) VALUES (562, 9, '2016-06-10T10:43:00-04:00', 30.03);
INSERT INTO quotes (id, stockid, timestamp, value) VALUES (563, 2, '2016-06-10T16:46:00+02:00', 2.88);
INSERT INTO quotes (id, stockid, timestamp, value) VALUES (564, 4, '2016-06-10T16:46:00+02:00', 13.81);
INSERT INTO quotes (id, stockid, timestamp, value) VALUES (565, 9, '2016-06-10T10:57:00-04:00', 30.04);
INSERT INTO quotes (id, stockid, timestamp, value) VALUES (566, 2, '2016-06-10T16:59:00+02:00', 2.88);
INSERT INTO quotes (id, stockid, timestamp, value) VALUES (567, 4, '2016-06-10T17:00:00+02:00', 13.81);
INSERT INTO quotes (id, stockid, timestamp, value) VALUES (568, 3, '2016-06-10T15:06:03.156389+00:00', 1.1294);
INSERT INTO quotes (id, stockid, timestamp, value) VALUES (569, 9, '2016-06-10T11:11:00-04:00', 30.04);
INSERT INTO quotes (id, stockid, timestamp, value) VALUES (570, 2, '2016-06-10T17:13:00+02:00', 2.88);
INSERT INTO quotes (id, stockid, timestamp, value) VALUES (571, 4, '2016-06-10T17:14:00+02:00', 13.8);
INSERT INTO quotes (id, stockid, timestamp, value) VALUES (572, 9, '2016-06-10T11:25:00-04:00', 30.04);
INSERT INTO quotes (id, stockid, timestamp, value) VALUES (573, 2, '2016-06-10T17:27:00+02:00', 2.88);
INSERT INTO quotes (id, stockid, timestamp, value) VALUES (574, 4, '2016-06-10T17:29:00+02:00', 13.78);
INSERT INTO quotes (id, stockid, timestamp, value) VALUES (575, 9, '2016-06-10T11:39:00-04:00', 30.04);
INSERT INTO quotes (id, stockid, timestamp, value) VALUES (576, 9, '2016-06-10T11:53:00-04:00', 30.02);
INSERT INTO quotes (id, stockid, timestamp, value) VALUES (577, 3, '2016-06-10T16:07:02.519882+00:00', 1.1283);
INSERT INTO quotes (id, stockid, timestamp, value) VALUES (578, 9, '2016-06-10T12:07:00-04:00', 30.03);
INSERT INTO quotes (id, stockid, timestamp, value) VALUES (579, 9, '2016-06-10T12:21:00-04:00', 30.01);
INSERT INTO quotes (id, stockid, timestamp, value) VALUES (580, 9, '2016-06-10T12:35:00-04:00', 30.03);
INSERT INTO quotes (id, stockid, timestamp, value) VALUES (581, 9, '2016-06-10T12:50:00-04:00', 30.03);
INSERT INTO quotes (id, stockid, timestamp, value) VALUES (582, 9, '2016-06-10T13:05:00-04:00', 30.02);
INSERT INTO quotes (id, stockid, timestamp, value) VALUES (583, 3, '2016-06-10T17:07:03.158004+00:00', 1.1274);
INSERT INTO quotes (id, stockid, timestamp, value) VALUES (584, 9, '2016-06-10T13:19:00-04:00', 30.01);
INSERT INTO quotes (id, stockid, timestamp, value) VALUES (585, 9, '2016-06-10T13:33:00-04:00', 30.02);
INSERT INTO quotes (id, stockid, timestamp, value) VALUES (586, 9, '2016-06-10T13:47:00-04:00', 30.01);
INSERT INTO quotes (id, stockid, timestamp, value) VALUES (587, 9, '2016-06-10T14:02:00-04:00', 30.01);
INSERT INTO quotes (id, stockid, timestamp, value) VALUES (588, 3, '2016-06-10T18:08:02.701819+00:00', 1.1253);
INSERT INTO quotes (id, stockid, timestamp, value) VALUES (589, 9, '2016-06-10T14:16:00-04:00', 30.02);
INSERT INTO quotes (id, stockid, timestamp, value) VALUES (590, 9, '2016-06-10T14:31:00-04:00', 30.01);
INSERT INTO quotes (id, stockid, timestamp, value) VALUES (591, 9, '2016-06-10T14:45:00-04:00', 30.01);
INSERT INTO quotes (id, stockid, timestamp, value) VALUES (592, 9, '2016-06-10T14:59:00-04:00', 30.02);
INSERT INTO quotes (id, stockid, timestamp, value) VALUES (593, 3, '2016-06-10T19:09:02.286033+00:00', 1.1261);
INSERT INTO quotes (id, stockid, timestamp, value) VALUES (594, 9, '2016-06-10T15:13:00-04:00', 30.01);
INSERT INTO quotes (id, stockid, timestamp, value) VALUES (595, 9, '2016-06-10T15:27:00-04:00', 30.02);
INSERT INTO quotes (id, stockid, timestamp, value) VALUES (596, 9, '2016-06-10T15:41:00-04:00', 30);
INSERT INTO quotes (id, stockid, timestamp, value) VALUES (597, 9, '2016-06-10T15:56:00-04:00', 30);
INSERT INTO quotes (id, stockid, timestamp, value) VALUES (598, 3, '2016-06-10T20:10:03.008824+00:00', 1.1257);
INSERT INTO quotes (id, stockid, timestamp, value) VALUES (599, 3, '2016-06-10T21:11:02.203558+00:00', 1.125);
INSERT INTO quotes (id, stockid, timestamp, value) VALUES (600, 3, '2016-06-10T22:12:02.888937+00:00', 1.1253);
INSERT INTO quotes (id, stockid, timestamp, value) VALUES (601, 3, '2016-06-10T23:13:02.520689+00:00', 1.1253);
INSERT INTO quotes (id, stockid, timestamp, value) VALUES (602, 2, '2016-06-10T17:35:00+02:00', 2.88);
INSERT INTO quotes (id, stockid, timestamp, value) VALUES (603, 3, '2016-06-12T14:41:38.815735+00:00', 1.1253);
INSERT INTO quotes (id, stockid, timestamp, value) VALUES (604, 4, '2016-06-10T17:36:00+02:00', 13.77);
INSERT INTO quotes (id, stockid, timestamp, value) VALUES (605, 9, '2016-06-10T16:00:00-04:00', 30);

COMMIT TRANSACTION;
PRAGMA foreign_keys = on;
